Cas;Skutecny_AC_Vystup_kWh;Skutecna_Spotreba_kWh;Celkovy_Vykon_Panelu_W;Cista_Vyroba_Panelu_kWh;Aktualni_AC_Vystup_W;Vykon_Baterie_W;Baterie_SOC_%;Cena_CZK_kWh;Predpoved_FS_kWh;Predpoved_PVCZ_kWh;Predpoved_Prumer_kWh;Doporucena_Akce;AC_vyroba_Dnes_kWh;Spotreba_Celkem_kWh
2026-03-23 22:09:00;40,8;0,0;0,0;0,0;0,0;0,0;49,0;2,15;0,0;0,0;0,0;UCENI_V_PRUBEHU;40,8;10472,53
2026-03-23 22:10:00;0,0;0,0;0,0;0,0;0,0;0,0;49,0;2,15;0,0;0,0;0,0;UCENI_V_PRUBEHU;40,8;10472,53
2026-03-24 20:39:00;33,8;0,79;0,0;0,0;313,0;-283,0;34,0;2,55;0,0;0,0;0,0;UCENI_V_PRUBEHU;33,8;10473,32
2026-03-24 20:40:00;0,0;0,0;0,0;0,0;313,0;-283,0;34,0;2,55;0,0;0,0;0,0;UCENI_V_PRUBEHU;33,8;10473,32
2026-03-24 20:45:00;0,1;0,0;0,0;0,0;302,0;-283,0;34,0;2,55;0,0;0,0;0,0;UCENI_V_PRUBEHU;33,9;10473,32
2026-03-24 20:50:00;0,0;0,0;0,0;0,0;305,0;-306,0;34,0;2,55;0,0;0,0;0,0;UCENI_V_PRUBEHU;33,9;10473,32
2026-03-24 20:55:00;0,0;0,01;0,0;0,0;293,0;-283,0;33,0;2,55;0,0;0,0;0,0;UCENI_V_PRUBEHU;33,9;10473,33
2026-03-24 21:00:00;0,0;0,0;0,0;0,0;305,0;-306,0;33,0;2,3;0,0;0,0;0,0;UCENI_V_PRUBEHU;33,9;10473,33
2026-03-24 21:05:00;0,1;0,0;0,0;0,0;300,0;-283,0;33,0;2,3;0,0;0,0;0,0;UCENI_V_PRUBEHU;34,0;10473,33
2026-03-24 21:17:00;0,1;0,0;0,0;0,0;666,0;-657,0;32,0;2,3;0,0;0,0;0,0;UCENI_V_PRUBEHU;34,1;10473,33
2026-03-24 21:20:00;0,0;0,0;0,0;0,0;666,0;-657,0;32,0;2,3;0,0;0,0;0,0;UCENI_V_PRUBEHU;34,1;10473,33
2026-03-24 21:25:00;0,0;0,0;0,0;0,0;308,0;-306,0;32,0;2,3;0,0;0,0;0,0;UCENI_V_PRUBEHU;34,1;10473,33
2026-03-24 21:30:00;0,1;0,0;0,0;0,0;318,0;-306,0;32,0;2,3;0,0;0,0;0,0;NORMALNI_PROVOZ;34,2;10473,33
2026-03-24 21:35:00;0,0;0,0;0,0;0,0;292,0;-282,0;32,0;2,3;0,0;0,0;0,0;NORMALNI_PROVOZ;34,2;10473,33
2026-03-24 21:40:00;0,0;0,0;0,0;0,0;249,0;-235,0;32,0;2,3;0,0;0,0;0,0;NORMALNI_PROVOZ;34,2;10473,33
2026-03-24 21:45:00;0,0;0,0;0,0;0,0;321,0;-329,0;31,0;2,3;0,0;0,0;0,0;UCENI_V_PRUBEHU;34,2;10473,33
2026-03-24 21:50:00;0,0;0,0;0,0;0,0;225,0;-212,0;31,0;2,3;0,0;0,0;0,0;UCENI_V_PRUBEHU;34,2;10473,33
2026-03-24 21:55:00;0,1;0,01;0,0;0,0;347,0;-353,0;31,0;2,3;0,0;0,0;0,0;UCENI_V_PRUBEHU;34,3;10473,34
2026-03-24 22:00:00;0,0;0,0;0,0;0,0;334,0;-329,0;31,0;2,26;0,0;0,0;0,0;UCENI_V_PRUBEHU;34,3;10473,34
2026-03-24 22:05:00;0,0;0,0;0,0;0,0;340,0;-329,0;31,0;2,26;0,0;0,0;0,0;UCENI_V_PRUBEHU;34,3;10473,34
2026-03-24 22:10:00;0,0;0,01;0,0;0,0;0,0;0,0;30,0;2,26;0,0;0,0;0,0;UCENI_V_PRUBEHU;34,3;10473,35
2026-03-24 22:15:00;0,0;0,01;0,0;0,0;0,0;0,0;30,0;2,26;0,0;0,0;0,0;UCENI_V_PRUBEHU;34,3;10473,36
2026-03-24 22:20:00;0,0;0,01;0,0;0,0;0,0;0,0;30,0;2,26;0,0;0,0;0,0;UCENI_V_PRUBEHU;34,3;10473,37
2026-03-24 22:25:00;0,0;0,01;0,0;0,0;0,0;0,0;30,0;2,26;0,0;0,0;0,0;UCENI_V_PRUBEHU;34,3;10473,38
2026-03-24 22:30:00;0,0;0,03;0,0;0,0;0,0;0,0;30,0;2,26;0,0;0,0;0,0;UCENI_V_PRUBEHU;34,3;10473,41
2026-03-24 22:35:00;0,0;0,02;0,0;0,0;0,0;0,0;30,0;2,26;0,0;0,0;0,0;UCENI_V_PRUBEHU;34,3;10473,43
2026-03-24 22:40:00;0,0;0,02;0,0;0,0;0,0;0,0;30,0;2,26;0,0;0,0;0,0;UCENI_V_PRUBEHU;34,3;10473,45
2026-03-24 22:45:00;0,0;0,03;0,0;0,0;0,0;0,0;30,0;2,26;0,0;0,0;0,0;UCENI_V_PRUBEHU;34,3;10473,48
2026-03-24 22:50:00;0,0;0,03;0,0;0,0;0,0;0,0;30,0;2,26;0,0;0,0;0,0;UCENI_V_PRUBEHU;34,3;10473,51
2026-03-24 22:55:00;0,0;0,03;0,0;0,0;0,0;0,0;30,0;2,26;0,0;0,0;0,0;UCENI_V_PRUBEHU;34,3;10473,54
2026-03-24 23:00:00;0,0;0,03;0,0;0,0;0,0;0,0;30,0;2,44;0,0;0,0;0,0;UCENI_V_PRUBEHU;34,3;10473,57
2026-03-24 23:05:00;0,0;0,03;0,0;0,0;0,0;0,0;30,0;2,44;0,0;0,0;0,0;UCENI_V_PRUBEHU;34,3;10473,6
2026-03-24 23:10:00;0,0;0,03;0,0;0,0;0,0;0,0;30,0;2,44;0,0;0,0;0,0;UCENI_V_PRUBEHU;34,3;10473,63
2026-03-24 23:15:00;0,0;0,04;0,0;0,0;0,0;0,0;30,0;2,44;0,0;0,0;0,0;UCENI_V_PRUBEHU;34,3;10473,67
2026-03-24 23:20:00;0,0;0,02;0,0;0,0;0,0;0,0;30,0;2,44;0,0;0,0;0,0;UCENI_V_PRUBEHU;34,3;10473,69
2026-03-24 23:25:00;0,0;0,03;0,0;0,0;0,0;0,0;30,0;2,44;0,0;0,0;0,0;UCENI_V_PRUBEHU;34,3;10473,72
2026-03-24 23:30:00;0,0;0,02;0,0;0,0;0,0;0,0;30,0;2,44;0,0;0,0;0,0;UCENI_V_PRUBEHU;34,3;10473,74
2026-03-24 23:35:00;0,0;0,03;0,0;0,0;0,0;0,0;30,0;2,44;0,0;0,0;0,0;UCENI_V_PRUBEHU;34,3;10473,77
2026-03-24 23:40:00;0,0;0,02;0,0;0,0;0,0;0,0;30,0;2,44;0,0;0,0;0,0;UCENI_V_PRUBEHU;34,3;10473,79
2026-03-24 23:45:00;0,0;0,02;0,0;0,0;0,0;0,0;30,0;2,44;0,0;0,0;0,0;UCENI_V_PRUBEHU;34,3;10473,81
2026-03-24 23:50:00;0,0;0,02;0,0;0,0;0,0;0,0;30,0;2,44;0,0;0,0;0,0;UCENI_V_PRUBEHU;34,3;10473,83
2026-03-24 23:55:00;0,0;0,02;0,0;0,0;0,0;0,0;30,0;2,44;0,0;0,0;0,0;UCENI_V_PRUBEHU;34,3;10473,85
2026-03-25 00:00:00;34,3;0,02;0,0;0,0;0,0;0,0;30,0;2,25;0,0;0,0;0,0;UCENI_V_PRUBEHU;34,3;10473,87
2026-03-25 00:05:00;0,0;0,02;0,0;0,0;0,0;0,0;29,0;2,25;0,0;0,0;0,0;UCENI_V_PRUBEHU;0,0;10473,89
2026-03-25 00:10:00;0,0;0,02;0,0;0,0;0,0;0,0;29,0;2,25;0,0;0,0;0,0;UCENI_V_PRUBEHU;0,0;10473,91
2026-03-25 00:15:00;0,0;0,02;0,0;0,0;0,0;0,0;29,0;2,25;0,0;0,0;0,0;UCENI_V_PRUBEHU;0,0;10473,93
2026-03-25 00:20:00;0,0;0,03;0,0;0,0;0,0;0,0;29,0;2,25;0,0;0,0;0,0;UCENI_V_PRUBEHU;0,0;10473,96
2026-03-25 00:25:00;0,0;0,03;0,0;0,0;0,0;0,0;29,0;2,25;0,0;0,0;0,0;UCENI_V_PRUBEHU;0,0;10473,99
2026-03-25 00:30:00;0,0;0,02;0,0;0,0;0,0;0,0;29,0;2,25;0,0;0,0;0,0;UCENI_V_PRUBEHU;0,0;10474,01
2026-03-25 00:35:00;0,0;0,02;0,0;0,0;0,0;0,0;29,0;2,25;0,0;0,0;0,0;UCENI_V_PRUBEHU;0,0;10474,03
2026-03-25 00:40:00;0,0;0,02;0,0;0,0;0,0;0,0;29,0;2,25;0,0;0,0;0,0;UCENI_V_PRUBEHU;0,0;10474,05
2026-03-25 00:45:00;0,0;0,03;0,0;0,0;0,0;0,0;29,0;2,25;0,0;0,0;0,0;UCENI_V_PRUBEHU;0,0;10474,08
2026-03-25 00:50:00;0,0;0,03;0,0;0,0;0,0;0,0;29,0;2,25;0,0;0,0;0,0;UCENI_V_PRUBEHU;0,0;10474,11
2026-03-25 00:55:00;0,0;0,03;0,0;0,0;0,0;0,0;29,0;2,25;0,0;0,0;0,0;UCENI_V_PRUBEHU;0,0;10474,14
2026-03-25 01:00:00;0,0;0,03;0,0;0,0;0,0;0,0;29,0;2,62;0,0;0,0;0,0;UCENI_V_PRUBEHU;0,0;10474,17
2026-03-25 01:05:00;0,0;0,03;0,0;0,0;0,0;0,0;29,0;2,62;0,0;0,0;0,0;UCENI_V_PRUBEHU;0,0;10474,2
2026-03-25 01:10:00;0,0;0,03;0,0;0,0;0,0;0,0;29,0;2,62;0,0;0,0;0,0;UCENI_V_PRUBEHU;0,0;10474,23
2026-03-25 01:15:00;0,0;0,03;0,0;0,0;0,0;0,0;29,0;2,62;0,0;0,0;0,0;UCENI_V_PRUBEHU;0,0;10474,26
2026-03-25 01:20:00;0,0;0,03;0,0;0,0;0,0;0,0;29,0;2,62;0,0;0,0;0,0;UCENI_V_PRUBEHU;0,0;10474,29
2026-03-25 01:25:00;0,0;0,03;0,0;0,0;0,0;0,0;29,0;2,62;0,0;0,0;0,0;UCENI_V_PRUBEHU;0,0;10474,32
2026-03-25 01:30:00;0,0;0,02;0,0;0,0;0,0;0,0;29,0;2,62;0,0;0,0;0,0;UCENI_V_PRUBEHU;0,0;10474,34
2026-03-25 01:35:00;0,0;0,03;0,0;0,0;0,0;0,0;29,0;2,62;0,0;0,0;0,0;UCENI_V_PRUBEHU;0,0;10474,37
2026-03-25 01:40:00;0,0;0,02;0,0;0,0;0,0;0,0;29,0;2,62;0,0;0,0;0,0;UCENI_V_PRUBEHU;0,0;10474,39
2026-03-25 01:45:00;0,0;0,02;0,0;0,0;0,0;0,0;29,0;2,62;0,0;0,0;0,0;UCENI_V_PRUBEHU;0,0;10474,41
2026-03-25 01:50:00;0,0;0,02;0,0;0,0;0,0;0,0;29,0;2,62;0,0;0,0;0,0;UCENI_V_PRUBEHU;0,0;10474,43
2026-03-25 01:55:00;0,0;0,02;0,0;0,0;0,0;0,0;29,0;2,62;0,0;0,0;0,0;UCENI_V_PRUBEHU;0,0;10474,45
2026-03-25 02:00:00;0,0;0,03;0,0;0,0;0,0;0,0;29,0;2,63;0,0;0,0;0,0;UCENI_V_PRUBEHU;0,0;10474,48
2026-03-25 02:05:00;0,0;0,02;0,0;0,0;0,0;0,0;29,0;2,63;0,0;0,0;0,0;UCENI_V_PRUBEHU;0,0;10474,5
2026-03-25 02:10:00;0,0;0,03;0,0;0,0;0,0;0,0;29,0;2,63;0,0;0,0;0,0;UCENI_V_PRUBEHU;0,0;10474,53
2026-03-25 02:15:00;0,0;0,02;0,0;0,0;0,0;0,0;29,0;2,63;0,0;0,0;0,0;UCENI_V_PRUBEHU;0,0;10474,55
2026-03-25 02:20:00;0,0;0,02;0,0;0,0;0,0;0,0;29,0;2,63;0,0;0,0;0,0;UCENI_V_PRUBEHU;0,0;10474,57
2026-03-25 02:25:00;0,0;0,02;0,0;0,0;0,0;0,0;29,0;2,63;0,0;0,0;0,0;UCENI_V_PRUBEHU;0,0;10474,59
2026-03-25 02:30:00;0,0;0,02;0,0;0,0;0,0;0,0;29,0;2,63;0,0;0,0;0,0;UCENI_V_PRUBEHU;0,0;10474,61
2026-03-25 02:35:00;0,0;0,03;0,0;0,0;0,0;0,0;29,0;2,63;0,0;0,0;0,0;UCENI_V_PRUBEHU;0,0;10474,64
2026-03-25 02:40:00;0,0;0,03;0,0;0,0;0,0;0,0;29,0;2,63;0,0;0,0;0,0;UCENI_V_PRUBEHU;0,0;10474,67
2026-03-25 02:45:00;0,0;0,14;0,0;0,0;0,0;0,0;29,0;2,63;0,0;0,0;0,0;UCENI_V_PRUBEHU;0,0;10474,81
2026-03-25 02:50:00;0,0;0,18;0,0;0,0;0,0;0,0;29,0;2,63;0,0;0,0;0,0;UCENI_V_PRUBEHU;0,0;10474,99
2026-03-25 02:55:00;0,0;0,13;0,0;0,0;0,0;0,0;28,0;2,63;0,0;0,0;0,0;UCENI_V_PRUBEHU;0,0;10475,12
2026-03-25 03:00:00;0,0;0,14;0,0;0,0;0,0;0,0;28,0;2,59;0,0;0,0;0,0;UCENI_V_PRUBEHU;0,0;10475,26
2026-03-25 03:05:00;0,0;0,07;0,0;0,0;0,0;0,0;28,0;2,59;0,0;0,0;0,0;UCENI_V_PRUBEHU;0,0;10475,33
2026-03-25 03:10:00;0,0;0,01;0,0;0,0;0,0;0,0;28,0;2,59;0,0;0,0;0,0;UCENI_V_PRUBEHU;0,0;10475,34
2026-03-25 03:15:00;0,0;0,0;0,0;0,0;0,0;0,0;28,0;2,59;0,0;0,0;0,0;UCENI_V_PRUBEHU;0,0;10475,34
2026-03-25 03:20:00;0,0;0,01;0,0;0,0;0,0;0,0;28,0;2,59;0,0;0,0;0,0;UCENI_V_PRUBEHU;0,0;10475,35
2026-03-25 03:25:00;0,0;0,01;0,0;0,0;0,0;0,0;28,0;2,59;0,0;0,0;0,0;UCENI_V_PRUBEHU;0,0;10475,36
2026-03-25 03:30:00;0,0;0,01;0,0;0,0;0,0;0,0;28,0;2,59;0,0;0,0;0,0;UCENI_V_PRUBEHU;0,0;10475,37
2026-03-25 03:35:00;0,0;0,02;0,0;0,0;0,0;0,0;28,0;2,59;0,0;0,0;0,0;UCENI_V_PRUBEHU;0,0;10475,39
2026-03-25 03:40:00;0,0;0,02;0,0;0,0;0,0;0,0;28,0;2,59;0,0;0,0;0,0;UCENI_V_PRUBEHU;0,0;10475,41
2026-03-25 03:45:00;0,0;0,02;0,0;0,0;0,0;0,0;28,0;2,59;0,0;0,0;0,0;UCENI_V_PRUBEHU;0,0;10475,43
2026-03-25 03:50:00;0,0;0,01;0,0;0,0;0,0;0,0;28,0;2,59;0,0;0,0;0,0;UCENI_V_PRUBEHU;0,0;10475,44
2026-03-25 03:55:00;0,0;0,01;0,0;0,0;0,0;0,0;28,0;2,59;0,0;0,0;0,0;UCENI_V_PRUBEHU;0,0;10475,45
2026-03-25 04:00:00;0,0;0,01;0,0;0,0;0,0;0,0;28,0;2,65;0,0;0,0;0,0;UCENI_V_PRUBEHU;0,0;10475,46
2026-03-25 04:05:00;0,0;0,02;0,0;0,0;0,0;0,0;28,0;2,65;0,0;0,0;0,0;UCENI_V_PRUBEHU;0,0;10475,48
2026-03-25 04:10:00;0,0;0,01;0,0;0,0;0,0;0,0;28,0;2,65;0,0;0,0;0,0;UCENI_V_PRUBEHU;0,0;10475,49
2026-03-25 04:15:00;0,0;0,01;0,0;0,0;0,0;0,0;28,0;2,65;0,0;0,0;0,0;UCENI_V_PRUBEHU;0,0;10475,5
2026-03-25 04:20:00;0,0;0,02;0,0;0,0;0,0;0,0;28,0;2,65;0,0;0,0;0,0;UCENI_V_PRUBEHU;0,0;10475,52
2026-03-25 04:25:00;0,0;0,03;0,0;0,0;0,0;0,0;28,0;2,65;0,0;0,0;0,0;UCENI_V_PRUBEHU;0,0;10475,55
2026-03-25 04:30:00;0,0;0,02;0,0;0,0;0,0;0,0;28,0;2,65;0,0;0,0;0,0;UCENI_V_PRUBEHU;0,0;10475,57
2026-03-25 04:35:00;0,0;0,01;0,0;0,0;0,0;0,0;28,0;2,65;0,0;0,0;0,0;UCENI_V_PRUBEHU;0,0;10475,58
2026-03-25 04:40:00;0,0;0,01;0,0;0,0;0,0;0,0;28,0;2,65;0,0;0,0;0,0;UCENI_V_PRUBEHU;0,0;10475,59
2026-03-25 04:45:00;0,0;0,01;0,0;0,0;0,0;0,0;28,0;2,65;0,0;0,0;0,0;UCENI_V_PRUBEHU;0,0;10475,6
2026-03-25 04:50:00;0,0;0,0;0,0;0,0;0,0;0,0;28,0;2,65;0,0;0,0;0,0;UCENI_V_PRUBEHU;0,0;10475,6
2026-03-25 04:55:00;0,0;0,01;0,0;0,0;0,0;0,0;28,0;2,65;0,0;0,0;0,0;UCENI_V_PRUBEHU;0,0;10475,61
2026-03-25 05:00:00;0,0;0,0;0,0;0,0;0,0;0,0;28,0;2,49;0,0;0,0;0,0;UCENI_V_PRUBEHU;0,0;10475,61
2026-03-25 05:05:00;0,0;0,01;0,0;0,0;0,0;0,0;28,0;2,49;0,0;0,0;0,0;UCENI_V_PRUBEHU;0,0;10475,62
2026-03-25 05:10:00;0,0;0,01;0,0;0,0;53,0;0,0;28,0;2,49;0,0;0,0;0,0;UCENI_V_PRUBEHU;0,0;10475,63
2026-03-25 05:15:00;0,0;0,01;0,0;0,0;46,0;0,0;28,0;2,49;0,0;0,0;0,0;UCENI_V_PRUBEHU;0,0;10475,64
2026-03-25 05:20:00;0,0;0,01;0,0;0,0;48,0;0,0;28,0;2,49;0,0;0,0;0,0;UCENI_V_PRUBEHU;0,0;10475,65
2026-03-25 05:25:00;0,0;0,01;0,0;0,0;50,0;0,0;28,0;2,49;0,0;0,0;0,0;UCENI_V_PRUBEHU;0,0;10475,66
2026-03-25 05:30:00;0,1;0,01;34,0;0,0028;66,0;0,0;28,0;2,49;0,0;0,0;0,0;UCENI_V_PRUBEHU;0,1;10475,67
2026-03-25 05:35:00;0,0;0,01;48,0;0,004;62,0;0,0;28,0;2,49;0,0;0,0;0,0;UCENI_V_PRUBEHU;0,1;10475,68
2026-03-25 05:40:00;0,0;0,01;97,0;0,0081;80,0;0,0;28,0;2,49;0,0;0,0;0,0;UCENI_V_PRUBEHU;0,1;10475,69
2026-03-25 05:45:00;0,0;0,0;95,0;0,0079;78,0;0,0;27,0;2,49;0,0;0,0;0,0;UCENI_V_PRUBEHU;0,1;10475,69
2026-03-25 05:50:00;0,0;0,01;142,0;0,0118;120,0;0,0;27,0;2,49;0,0;0,0;0,0;UCENI_V_PRUBEHU;0,1;10475,7
2026-03-25 05:55:00;0,0;0,01;181,0;0,0151;160,0;0,0;27,0;2,49;0,0;0,0;0,0;UCENI_V_PRUBEHU;0,1;10475,71
2026-03-25 06:00:00;0,0;0,01;251,0;0,0209;226,0;0,0;27,0;2,18;0,08;0,21;0,15;UCENI_V_PRUBEHU;0,1;10475,72
2026-03-25 06:05:00;0,0;0,01;319,0;0,0266;281,0;0,0;27,0;2,18;0,08;0,22;0,15;UCENI_V_PRUBEHU;0,1;10475,73
2026-03-25 06:10:00;0,1;0,01;385,0;0,0321;330,0;0,0;27,0;2,18;0,08;0,22;0,15;UCENI_V_PRUBEHU;0,2;10475,74
2026-03-25 06:15:00;0,0;0,0;424,0;0,0353;297,0;0,0;27,0;2,18;0,08;0,22;0,15;UCENI_V_PRUBEHU;0,2;10475,74
2026-03-25 06:20:00;0,0;0,01;483,0;0,0402;199,0;141,0;27,0;2,18;0,08;0,22;0,15;UCENI_V_PRUBEHU;0,2;10475,75
2026-03-25 06:25:00;0,0;0,0;512,0;0,0427;161,0;237,0;27,0;2,18;0,08;0,22;0,15;UCENI_V_PRUBEHU;0,2;10475,75
2026-03-25 06:30:00;0,0;0,0;571,0;0,0476;142,0;261,0;28,0;2,18;0,08;0,22;0,15;UCENI_V_PRUBEHU;0,2;10475,75
2026-03-25 06:35:00;0,0;0,0;632,0;0,0527;203,0;309,0;28,0;2,18;0,08;0,22;0,15;UCENI_V_PRUBEHU;0,2;10475,75
2026-03-25 06:40:00;0,1;0,0;699,0;0,0582;205,0;357,0;28,0;2,18;0,08;0,22;0,15;UCENI_V_PRUBEHU;0,3;10475,75
2026-03-25 06:45:00;0,0;0,0;794,0;0,0662;326,0;310,0;28,0;2,18;0,08;0,22;0,15;UCENI_V_PRUBEHU;0,3;10475,75
2026-03-25 06:50:00;0,0;0,0;900,0;0,075;304,0;454,0;28,0;2,18;0,08;0,22;0,15;UCENI_V_PRUBEHU;0,3;10475,75
2026-03-25 06:55:00;0,0;0,0;988,0;0,0823;265,0;551,0;29,0;2,18;0,08;0,22;0,15;UCENI_V_PRUBEHU;0,3;10475,75
2026-03-25 07:00:00;0,1;0,0;1116,0;0,093;162,0;793,0;29,0;1,98;0,75;0,61;0,68;UCENI_V_PRUBEHU;0,4;10475,75
2026-03-25 07:05:00;0,0;0,01;1220,0;0,1017;169,0;867,0;30,0;1,98;0,75;0,61;0,68;UCENI_V_PRUBEHU;0,4;10475,76
2026-03-25 07:10:00;0,0;0,0;1271,0;0,1059;102,0;989,0;31,0;1,98;0,75;0,61;0,68;UCENI_V_PRUBEHU;0,4;10475,76
2026-03-25 07:15:00;0,0;0,0;1271,0;0,1059;126,0;966,0;31,0;1,98;0,75;0,61;0,68;UCENI_V_PRUBEHU;0,4;10475,76
2026-03-25 07:20:00;0,0;0,0;1259,0;0,1049;130,0;941,0;32,0;1,98;0,75;0,61;0,68;UCENI_V_PRUBEHU;0,4;10475,76
2026-03-25 07:25:00;0,0;0,0;1346,0;0,1122;113,0;1039,0;33,0;1,98;0,75;0,61;0,68;UCENI_V_PRUBEHU;0,4;10475,76
2026-03-25 07:30:00;0,0;0,0;1390,0;0,1158;100,0;1063,0;34,0;1,98;0,75;0,61;0,68;UCENI_V_PRUBEHU;0,4;10475,76
2026-03-25 07:35:00;0,0;0,0;1428,0;0,119;208,0;1014,0;34,0;1,98;0,75;0,61;0,68;UCENI_V_PRUBEHU;0,4;10475,76
2026-03-25 07:40:00;0,1;0,0;1489,0;0,1241;252,0;1014,0;35,0;1,98;0,75;0,61;0,68;UCENI_V_PRUBEHU;0,5;10475,76
2026-03-25 07:45:00;0,0;0,0;1611,0;0,1342;299,0;1088,0;36,0;1,98;0,75;0,61;0,68;UCENI_V_PRUBEHU;0,5;10475,76
2026-03-25 07:50:00;0,0;0,01;1815,0;0,1512;214,0;1381,0;37,0;1,98;0,75;0,61;0,68;UCENI_V_PRUBEHU;0,5;10475,77
2026-03-25 07:55:00;0,0;0,0;1837,0;0,1531;249,0;1358,0;38,0;1,98;0,75;0,61;0,68;UCENI_V_PRUBEHU;0,5;10475,77
2026-03-25 08:00:00;0,3;0,0;1943,0;0,1619;4126,0;-2477,0;37,0;2,63;1,35;1,02;1,19;UCENI_V_PRUBEHU;0,8;10475,77
2026-03-25 08:05:00;0,2;0,0;2262,0;0,1885;187,0;1838,0;37,0;2,63;1,35;1,02;1,19;UCENI_V_PRUBEHU;1,0;10475,77
2026-03-25 08:10:00;0,0;0,0;2213,0;0,1844;216,0;1748,0;38,0;2,63;1,35;1,02;1,19;UCENI_V_PRUBEHU;1,0;10475,77
2026-03-25 08:15:00;0,0;0,0;2500,0;0,2083;144,0;2121,0;39,0;2,63;1,35;1,02;1,19;UCENI_V_PRUBEHU;1,0;10475,77
2026-03-25 08:20:00;0,0;0,0;3175,0;0,2646;316,0;2644,0;41,0;2,63;1,35;1,02;1,19;UCENI_V_PRUBEHU;1,0;10475,77
2026-03-25 08:25:00;0,1;0,0;2914,0;0,2428;375,0;2271,0;42,0;2,63;1,35;1,02;1,19;UCENI_V_PRUBEHU;1,1;10475,77
2026-03-25 08:30:00;0,0;0,0;2762,0;0,2302;360,0;2123,0;44,0;2,63;1,35;1,02;1,19;UCENI_V_PRUBEHU;1,1;10475,77
2026-03-25 08:35:00;0,0;0,0;2207,0;0,1839;250,0;1751,0;45,0;2,63;1,35;1,02;1,19;UCENI_V_PRUBEHU;1,1;10475,77
2026-03-25 08:40:00;0,0;0,01;1963,0;0,1636;292,0;1383,0;46,0;2,63;1,35;1,02;1,19;UCENI_V_PRUBEHU;1,1;10475,78
2026-03-25 08:45:00;0,1;0,0;1847,0;0,1539;262,0;1358,0;47,0;2,63;1,35;1,02;1,19;UCENI_V_PRUBEHU;1,2;10475,78
2026-03-25 08:50:00;0,3;0,0;1729,0;0,1441;4623,0;-3168,0;45,0;2,63;1,35;1,02;1,19;UCENI_V_PRUBEHU;1,5;10475,78
2026-03-25 08:55:00;0,4;0,0;1715,0;0,1429;4647,0;-3183,0;43,0;2,63;1,35;1,02;1,19;UCENI_V_PRUBEHU;1,9;10475,78
2026-03-25 09:00:00;0,4;0,01;1679,0;0,1399;5748,0;-4460,0;41,0;2,16;1,86;1,38;1,62;UCENI_V_PRUBEHU;2,3;10475,79
2026-03-25 09:05:00;0,5;0,0;1747,0;0,1456;5708,0;-4336,0;38,0;2,16;1,86;1,38;1,62;UCENI_V_PRUBEHU;2,8;10475,79
2026-03-25 09:10:00;0,5;0,0;1923,0;0,1603;5876,0;-4396,0;35,0;2,16;1,86;1,38;1,62;UCENI_V_PRUBEHU;3,3;10475,79
2026-03-25 09:15:00;0,4;0,0;2168,0;0,1807;5936,0;-4160,0;32,0;2,16;1,86;1,38;1,62;UCENI_V_PRUBEHU;3,7;10475,79
2026-03-25 09:20:00;0,3;0,16;2460,0;0,205;1448,0;712,0;31,0;2,16;1,86;1,38;1,62;UCENI_V_PRUBEHU;4,0;10475,95
2026-03-25 09:25:00;0,1;0,0;2631,0;0,2192;1461,0;907,0;31,0;2,16;1,86;1,38;1,62;UCENI_V_PRUBEHU;4,1;10475,95
2026-03-25 09:30:00;0,2;0,0;2970,0;0,2475;1524,0;1127,0;32,0;2,16;1,86;1,38;1,62;UCENI_V_PRUBEHU;4,3;10475,95
2026-03-25 09:35:00;0,1;0,0;3062,0;0,2552;1508,0;1202,0;33,0;2,16;1,86;1,38;1,62;UCENI_V_PRUBEHU;4,4;10475,95
2026-03-25 09:40:00;0,1;0,0;3311,0;0,2759;1509,0;1449,0;34,0;2,16;1,86;1,38;1,62;UCENI_V_PRUBEHU;4,5;10475,95
2026-03-25 09:45:00;0,1;0,0;3546,0;0,2955;1392,0;1866,0;35,0;2,16;1,86;1,38;1,62;UCENI_V_PRUBEHU;4,6;10475,95
2026-03-25 09:50:00;0,2;0,01;4068,0;0,339;1395,0;2334,0;36,0;2,16;1,86;1,38;1,62;UCENI_V_PRUBEHU;4,8;10475,96
2026-03-25 09:55:00;0,1;0,0;3869,0;0,3224;1479,0;2064,0;38,0;2,16;1,86;1,38;1,62;UCENI_V_PRUBEHU;4,9;10475,96
2026-03-25 10:00:00;0,1;0,0;3690,0;0,3075;323,0;3053,0;40,0;1,99;2,1;1,63;1,87;UCENI_V_PRUBEHU;5,0;10475,96
2026-03-25 10:05:00;0,1;0,0;3951,0;0,3292;2434,0;1087,0;41,0;1,99;2,1;1,63;1,87;UCENI_V_PRUBEHU;5,1;10475,96
2026-03-25 10:10:00;0,2;0,01;3690,0;0,3075;2353,0;941,0;42,0;1,99;2,1;1,63;1,87;UCENI_V_PRUBEHU;5,3;10475,97
2026-03-25 10:15:00;0,2;0,0;3234,0;0,2695;2469,0;480,0;42,0;1,99;2,1;1,63;1,87;UCENI_V_PRUBEHU;5,5;10475,97
2026-03-25 10:20:00;0,2;0,0;4323,0;0,3603;2491,0;1404,0;42,0;1,99;2,1;1,63;1,87;UCENI_V_PRUBEHU;5,7;10475,97
2026-03-25 10:25:00;0,3;0,0;4795,0;0,3996;314,0;4134,0;44,0;1,99;2,1;1,63;1,87;UCENI_V_PRUBEHU;6,0;10475,97
2026-03-25 10:30:00;0,0;0,0;4338,0;0,3615;298,0;3715,0;46,0;1,99;2,1;1,63;1,87;UCENI_V_PRUBEHU;6,0;10475,97
2026-03-25 10:35:00;0,0;0,0;3622,0;0,3018;300,0;3039,0;48,0;1,99;2,1;1,63;1,87;UCENI_V_PRUBEHU;6,0;10475,97
2026-03-25 10:40:00;0,0;0,0;3358,0;0,2798;1446,0;1604,0;50,0;1,99;2,1;1,63;1,87;UCENI_V_PRUBEHU;6,0;10475,97
2026-03-25 10:45:00;0,2;0,01;4114,0;0,3428;1551,0;2218,0;52,0;1,99;2,1;1,63;1,87;UCENI_V_PRUBEHU;6,2;10475,98
2026-03-25 10:50:00;0,1;0,0;5365,0;0,4471;1551,0;3414,0;53,0;0,0;2,1;1,63;1,87;UCENI_V_PRUBEHU;6,3;10475,98
2026-03-25 10:55:00;0,2;0,0;5793,0;0,4828;3853,0;1435,0;55,0;0,0;2,1;1,63;1,87;UCENI_V_PRUBEHU;6,5;10475,98
2026-03-25 11:00:00;0,3;0,0;6107,0;0,5089;3629,0;2024,0;56,0;0,0;2,29;1,75;2,02;UCENI_V_PRUBEHU;6,8;10475,98
2026-03-25 11:05:00;0,3;0,0;6511,0;0,5426;3707,0;2326,0;58,0;0,0;2,29;1,75;2,02;UCENI_V_PRUBEHU;7,1;10475,98
2026-03-25 11:10:00;0,2;0,01;6246,0;0,5205;1572,0;4228,0;60,0;0,0;2,29;1,75;2,02;UCENI_V_PRUBEHU;7,3;10475,99
2026-03-25 11:15:00;0,1;0,0;6284,0;0,5237;439,0;5422,0;64,0;0,0;2,29;1,75;2,02;UCENI_V_PRUBEHU;7,4;10475,99
2026-03-25 11:20:00;0,1;0,0;4161,0;0,3467;453,0;3428,0;67,0;0,0;2,29;1,75;2,02;UCENI_V_PRUBEHU;7,5;10475,99
2026-03-25 11:25:00;0,0;0,0;5920,0;0,4933;355,0;5164,0;70,0;1,68;2,29;1,75;2,02;UCENI_V_PRUBEHU;7,5;10475,99
2026-03-25 11:30:00;0,1;0,01;5452,0;0,4543;469,0;4665,0;74,0;1,68;2,29;1,75;2,02;UCENI_V_PRUBEHU;7,6;10476,0
2026-03-25 11:35:00;0,1;0,0;7254,0;0,6045;595,0;6190,0;78,0;1,68;2,29;1,75;2,02;UCENI_V_PRUBEHU;7,7;10476,0
2026-03-25 11:40:00;0,0;0,0;5137,0;0,4281;341,0;4462,0;81,0;1,68;2,29;1,75;2,02;UCENI_V_PRUBEHU;7,7;10476,0
2026-03-25 11:45:00;0,1;0,0;4458,0;0,3715;2473,0;1663,0;83,0;1,68;2,29;1,75;2,02;UCENI_V_PRUBEHU;7,8;10476,0
2026-03-25 11:50:00;0,2;0,0;5002,0;0,4168;400,0;4268,0;85,0;1,68;2,29;1,75;2,02;UCENI_V_PRUBEHU;8,0;10476,0
2026-03-25 11:55:00;0,1;0,0;4339,0;0,3616;377,0;3648,0;87,0;1,68;2,29;1,75;2,02;UCENI_V_PRUBEHU;8,1;10476,0
2026-03-25 12:00:00;0,0;0,0;4678,0;0,3898;335,0;4034,0;90,0;2,13;3,71;1,78;2,75;UCENI_V_PRUBEHU;8,1;10476,0
2026-03-25 12:05:00;0,2;0,0;6933,0;0,5777;2661,0;3798,0;95,0;2,13;3,71;2,6;3,16;UCENI_V_PRUBEHU;8,3;10476,0
2026-03-25 12:10:00;0,1;0,0;4791,0;0,3992;1111,0;3335,0;97,0;2,13;3,71;2,6;3,16;UCENI_V_PRUBEHU;8,4;10476,0
2026-03-25 12:15:00;0,2;0,0;5840,0;0,4867;3741,0;1684,0;97,0;2,13;3,71;2,6;3,16;UCENI_V_PRUBEHU;8,6;10476,0
2026-03-25 12:20:00;0,4;0,0;5756,0;0,4797;4898,0;430,0;99,0;2,13;3,71;2,6;3,16;UCENI_V_PRUBEHU;9,0;10476,0
2026-03-25 12:25:00;0,4;0,0;5623,0;0,4686;5221,0;0,0;100,0;2,13;3,71;2,6;3,16;UCENI_V_PRUBEHU;9,4;10476,0
2026-03-25 12:30:00;0,4;0,0;5365,0;0,4471;4988,0;0,0;100,0;2,13;3,71;2,6;3,16;UCENI_V_PRUBEHU;9,8;10476,0
2026-03-25 12:35:00;0,5;0,0;6527,0;0,5439;6063,0;0,0;100,0;2,13;3,71;2,6;3,16;UCENI_V_PRUBEHU;10,3;10476,0
2026-03-25 12:40:00;0,5;0,0;7437,0;0,6198;6915,0;0,0;100,0;2,13;3,71;2,6;3,16;UCENI_V_PRUBEHU;10,8;10476,0
2026-03-25 12:45:00;0,6;0,0;6833,0;0,5694;6342,0;0,0;100,0;2,13;3,71;2,6;3,16;UCENI_V_PRUBEHU;11,4;10476,0
2026-03-25 12:50:00;0,5;0,0;5439,0;0,4532;5043,0;0,0;100,0;2,13;3,71;2,6;3,16;UCENI_V_PRUBEHU;11,9;10476,0
2026-03-25 12:55:00;0,4;0,0;4609,0;0,3841;4256,0;0,0;100,0;2,13;3,71;2,6;3,16;UCENI_V_PRUBEHU;12,3;10476,0
2026-03-25 13:00:00;0,4;0,0;5567,0;0,4639;5165,0;0,0;100,0;1,86;2,99;0,0;1,49;UCENI_V_PRUBEHU;12,7;10476,0
2026-03-25 13:05:00;0,4;0,0;5936,0;0,4947;5503,0;0,0;100,0;1,86;2,99;0,0;1,49;UCENI_V_PRUBEHU;13,1;10476,0
2026-03-25 13:10:00;0,5;0,0;6075,0;0,5062;5636,0;0,0;100,0;1,86;2,99;0,0;1,49;UCENI_V_PRUBEHU;13,6;10476,0
2026-03-25 13:15:00;0,3;0,0;4519,0;0,3766;4155,0;0,0;100,0;1,86;2,99;0,0;1,49;UCENI_V_PRUBEHU;13,9;10476,0
2026-03-25 13:20:00;0,4;0,0;5226,0;0,4355;4835,0;0,0;100,0;1,86;2,99;0,0;1,49;UCENI_V_PRUBEHU;14,3;10476,0
2026-03-25 13:25:00;0,2;0,0;3089,0;0,2574;2798,0;0,0;100,0;1,86;2,99;0,0;1,49;UCENI_V_PRUBEHU;14,5;10476,0
2026-03-25 13:30:00;0,3;0,0;3662,0;0,3052;3343,0;0,0;100,0;1,86;2,99;0,0;1,49;UCENI_V_PRUBEHU;14,8;10476,0
2026-03-25 13:35:00;0,2;0,0;3056,0;0,2547;2800,0;0,0;100,0;1,86;2,99;0,0;1,49;UCENI_V_PRUBEHU;15,0;10476,0
2026-03-25 13:40:00;0,2;0,0;2827,0;0,2356;2585,0;0,0;100,0;1,86;2,99;0,0;1,49;UCENI_V_PRUBEHU;15,2;10476,0
2026-03-25 13:45:00;0,3;0,0;2578,0;0,2148;2332,0;0,0;100,0;1,86;2,99;0,0;1,49;UCENI_V_PRUBEHU;15,5;10476,0
2026-03-25 13:50:00;0,1;0,0;2408,0;0,2007;2198,0;0,0;100,0;1,86;2,99;0,0;1,49;UCENI_V_PRUBEHU;15,6;10476,0
2026-03-25 13:55:00;0,2;0,0;2441,0;0,2034;2202,0;0,0;100,0;1,86;2,99;0,0;1,49;UCENI_V_PRUBEHU;15,8;10476,0
2026-03-25 14:00:00;0,2;0,0;2406,0;0,2005;2183,0;0,0;100,0;0,0;1,77;0,0;0,89;UCENI_V_PRUBEHU;16,0;10476,0
2026-03-25 14:05:00;0,2;0,0;2263,0;0,1886;2057,0;0,0;100,0;1,67;1,77;0,0;0,89;UCENI_V_PRUBEHU;16,2;10476,0
2026-03-25 14:10:00;0,1;0,0;2159,0;0,1799;1959,0;0,0;100,0;1,67;1,77;0,0;0,89;UCENI_V_PRUBEHU;16,3;10476,0
2026-03-25 14:15:00;0,2;0,0;2056,0;0,1713;1852,0;0,0;100,0;1,67;1,77;0,0;0,89;UCENI_V_PRUBEHU;16,5;10476,0
2026-03-25 14:20:00;0,2;0,0;1993,0;0,1661;1777,0;0,0;99,0;1,67;1,77;0,0;0,89;UCENI_V_PRUBEHU;16,7;10476,0
2026-03-25 14:25:00;0,1;0,0;1991,0;0,1659;1782,0;0,0;99,0;1,67;1,77;0,0;0,89;UCENI_V_PRUBEHU;16,8;10476,0
2026-03-25 14:30:00;0,1;0,0;1781,0;0,1484;1599,0;0,0;99,0;1,67;1,77;0,0;0,89;UCENI_V_PRUBEHU;16,9;10476,0
2026-03-25 14:35:00;0,2;0,0;1781,0;0,1484;1605,0;0,0;99,0;1,67;1,77;0,0;0,89;UCENI_V_PRUBEHU;17,1;10476,0
2026-03-25 14:40:00;0,1;0,0;1675,0;0,1396;1502,0;0,0;99,0;1,67;1,77;0,0;0,89;UCENI_V_PRUBEHU;17,2;10476,0
2026-03-25 14:45:00;0,1;0,0;1615,0;0,1346;1446,0;0,0;99,0;1,67;1,77;0,0;0,89;UCENI_V_PRUBEHU;17,3;10476,0
2026-03-25 14:50:00;0,1;0,0;1537,0;0,1281;1369,0;0,0;99,0;0,0;1,77;0,0;0,89;UCENI_V_PRUBEHU;17,4;10476,0
2026-03-25 14:55:00;0,2;0,0;1460,0;0,1217;1287,0;0,0;99,0;1,67;1,77;0,0;0,89;UCENI_V_PRUBEHU;17,6;10476,0
2026-03-25 15:00:00;0,1;0,0;1341,0;0,1117;1176,0;0,0;99,0;1,38;1,4;0,0;0,7;UCENI_V_PRUBEHU;17,7;10476,0
2026-03-25 15:05:00;0,1;0,0;1279,0;0,1066;1124,0;0,0;99,0;1,38;1,4;0,0;0,7;UCENI_V_PRUBEHU;17,8;10476,0
2026-03-25 15:10:00;0,0;0,0;1189,0;0,0991;1027,0;0,0;99,0;1,38;1,4;0,0;0,7;UCENI_V_PRUBEHU;17,8;10476,0
2026-03-25 15:15:00;0,1;0,0;1118,0;0,0932;973,0;0,0;99,0;1,38;1,4;0,0;0,7;UCENI_V_PRUBEHU;17,9;10476,0
2026-03-25 15:20:00;0,1;0,0;1131,0;0,0943;979,0;0,0;99,0;1,38;1,4;0,0;0,7;UCENI_V_PRUBEHU;18,0;10476,0
2026-03-25 15:25:00;0,1;0,0;1058,0;0,0882;917,0;0,0;99,0;1,38;1,4;0,0;0,7;UCENI_V_PRUBEHU;18,1;10476,0
2026-03-25 15:30:00;0,2;0,0;962,0;0,0802;2490,0;-1712,0;98,0;1,38;1,4;0,0;0,7;UCENI_V_PRUBEHU;18,3;10476,0
2026-03-25 15:35:00;0,2;0,01;910,0;0,0758;2429,0;-1734,0;97,0;1,38;1,4;0,0;0,7;UCENI_V_PRUBEHU;18,5;10476,01
2026-03-25 15:40:00;0,2;0,0;844,0;0,0703;2410,0;-1711,0;96,0;1,38;1,4;0,0;0,7;UCENI_V_PRUBEHU;18,7;10476,01
2026-03-25 15:45:00;0,2;0,0;940,0;0,0783;54,0;552,0;95,0;1,38;1,4;0,0;0,7;UCENI_V_PRUBEHU;18,9;10476,01
2026-03-25 15:50:00;0,0;0,0;971,0;0,0809;190,0;627,0;95,0;1,38;1,4;0,0;0,7;UCENI_V_PRUBEHU;18,9;10476,01
2026-03-25 15:55:00;0,0;0,0;1163,0;0,0969;133,0;846,0;95,0;1,38;1,4;0,0;0,7;UCENI_V_PRUBEHU;18,9;10476,01
2026-03-25 16:00:00;0,0;0,0;1192,0;0,0993;195,0;798,0;95,0;1,75;0,99;0,0;0,5;UCENI_V_PRUBEHU;18,9;10476,01
2026-03-25 16:05:00;0,0;0,0;1117,0;0,0931;217,0;726,0;95,0;1,75;0,99;0,0;0,5;UCENI_V_PRUBEHU;18,9;10476,01
2026-03-25 16:10:00;0,0;0,01;1039,0;0,0866;289,0;581,0;95,0;1,75;0,99;0,0;0,5;UCENI_V_PRUBEHU;18,9;10476,02
2026-03-25 16:15:00;0,1;0,0;867,0;0,0722;298,0;411,0;95,0;1,75;0,99;0,0;0,5;UCENI_V_PRUBEHU;19,0;10476,02
2026-03-25 16:20:00;0,0;0,0;683,0;0,0569;396,0;145,0;95,0;1,75;0,99;0,0;0,5;UCENI_V_PRUBEHU;19,0;10476,02
2026-03-25 16:25:00;0,0;0,0;667,0;0,0556;387,0;145,0;95,0;1,75;0,99;0,0;0,5;UCENI_V_PRUBEHU;19,0;10476,02
2026-03-25 16:30:00;0,1;0,0;663,0;0,0553;298,0;217,0;95,0;1,75;0,99;0,0;0,5;UCENI_V_PRUBEHU;19,1;10476,02
2026-03-25 16:35:00;0,0;0,0;675,0;0,0563;198,0;339,0;95,0;1,75;0,99;0,0;0,5;UCENI_V_PRUBEHU;19,1;10476,02
2026-03-25 16:40:00;0,0;0,0;698,0;0,0582;204,0;340,0;95,0;1,75;0,99;0,0;0,5;UCENI_V_PRUBEHU;19,1;10476,02
2026-03-25 16:45:00;0,0;0,0;683,0;0,0569;204,0;316,0;95,0;1,75;0,99;0,0;0,5;UCENI_V_PRUBEHU;19,1;10476,02
2026-03-25 16:50:00;0,0;0,0;656,0;0,0547;192,0;317,0;95,0;1,75;0,99;0,0;0,5;UCENI_V_PRUBEHU;19,1;10476,02
2026-03-25 16:55:00;0,0;0,01;573,0;0,0477;165,0;270,0;95,0;1,75;0,99;0,0;0,5;UCENI_V_PRUBEHU;19,1;10476,03
2026-03-25 17:00:00;0,1;0,0;508,0;0,0423;218,0;148,0;95,0;1,23;0,59;0,0;0,29;UCENI_V_PRUBEHU;19,2;10476,03
2026-03-25 17:05:00;0,0;0,0;470,0;0,0392;227,0;149,0;96,0;1,23;0,59;0,0;0,29;UCENI_V_PRUBEHU;19,2;10476,03
2026-03-25 17:10:00;0,0;0,0;391,0;0,0326;381,0;-74,0;96,0;1,23;0,59;0,0;0,29;UCENI_V_PRUBEHU;19,2;10476,03
2026-03-25 17:15:00;0,0;0,0;291,0;0,0242;369,0;-172,0;96,0;1,23;0,59;0,0;0,29;UCENI_V_PRUBEHU;19,2;10476,03
2026-03-25 17:20:00;0,1;0,01;232,0;0,0193;287,0;-121,0;96,0;1,23;0,59;0,0;0,29;UCENI_V_PRUBEHU;19,3;10476,04
2026-03-25 17:25:00;0,1;0,0;197,0;0,0164;1395,0;-1308,0;95,0;1,23;0,59;0,0;0,29;UCENI_V_PRUBEHU;19,4;10476,04
2026-03-25 17:30:00;0,1;0,0;153,0;0,0127;1424,0;-1401,0;94,0;1,23;0,59;0,0;0,29;UCENI_V_PRUBEHU;19,5;10476,04
2026-03-25 17:35:00;0,2;0,0;151,0;0,0126;1449,0;-1425,0;92,0;1,23;0,59;0,0;0,29;UCENI_V_PRUBEHU;19,7;10476,04
2026-03-25 17:40:00;0,1;0,01;122,0;0,0102;1396,0;-1402,0;91,0;1,23;0,59;0,0;0,29;UCENI_V_PRUBEHU;19,8;10476,05
2026-03-25 17:45:00;0,1;0,0;162,0;0,0135;1416,0;-1403,0;90,0;1,23;0,59;0,0;0,29;UCENI_V_PRUBEHU;19,9;10476,05
2026-03-25 17:50:00;0,2;0,0;151,0;0,0126;1406,0;-1403,0;89,0;1,23;0,59;0,0;0,29;UCENI_V_PRUBEHU;20,1;10476,05
2026-03-25 17:55:00;0,1;0,01;104,0;0,0087;1727,0;-1779,0;88,0;1,23;0,59;0,0;0,29;UCENI_V_PRUBEHU;20,2;10476,06
2026-03-25 18:00:00;0,2;0,0;91,0;0,0076;1832,0;-1872,0;86,0;1,12;0,01;0,0;0,0;UCENI_V_PRUBEHU;20,4;10476,06
2026-03-25 18:05:00;0,0;0,0;95,0;0,0079;681,0;-716,0;85,0;1,12;0,01;0,0;0,0;UCENI_V_PRUBEHU;20,4;10476,06
2026-03-25 18:10:00;0,1;0,0;62,0;0,0052;612,0;-597,0;85,0;1,12;0,01;0,0;0,0;UCENI_V_PRUBEHU;20,5;10476,06
2026-03-25 18:15:00;0,0;0,0;70,0;0,0058;547,0;-1215,0;85,0;1,12;0,01;0,0;0,0;UCENI_V_PRUBEHU;20,5;10476,06
2026-03-25 18:20:00;0,2;0,01;0,0;0,0;2299,0;-2432,0;83,0;1,12;0,01;0,0;0,0;UCENI_V_PRUBEHU;20,7;10476,07
2026-03-25 18:25:00;0,1;0,0;27,0;0,0022;503,0;-500,0;82,0;1,12;0,01;0,0;0,0;UCENI_V_PRUBEHU;20,8;10476,07
2026-03-25 18:30:00;0,2;0,0;42,0;0,0035;443,0;-429,0;81,0;1,12;0,01;0,0;0,0;UCENI_V_PRUBEHU;21,0;10476,07
2026-03-25 18:35:00;0,1;0,0;17,0;0,0014;2245,0;-2339,0;80,0;1,12;0,01;0,0;0,0;UCENI_V_PRUBEHU;21,1;10476,07
2026-03-25 18:40:00;0,1;0,01;0,0;0,0;2395,0;-2504,0;78,0;1,12;0,01;0,0;0,0;UCENI_V_PRUBEHU;21,2;10476,08
2026-03-25 18:45:00;0,3;0,0;0,0;0,0;3495,0;-3675,0;76,0;1,12;0,01;0,0;0,0;UCENI_V_PRUBEHU;21,5;10476,08
2026-03-25 18:50:00;0,2;0,0;0,0;0,0;1560,0;-1582,0;74,0;1,12;0,01;0,0;0,0;UCENI_V_PRUBEHU;21,7;10476,08
2026-03-25 18:55:00;0,2;0,0;0,0;0,0;3345,0;-3526,0;72,0;1,12;0,01;0,0;0,0;UCENI_V_PRUBEHU;21,9;10476,08
2026-03-25 19:00:00;0,3;0,01;0,0;0,0;3301,0;-3455,0;69,0;1,05;0,0;0,0;0,0;UCENI_V_PRUBEHU;22,2;10476,09
2026-03-25 19:05:00;0,2;0,0;0,0;0,0;3270,0;-3428,0;66,0;1,05;0,0;0,0;0,0;UCENI_V_PRUBEHU;22,4;10476,09
2026-03-25 19:10:00;0,3;0,0;0,0;0,0;3312,0;-3449,0;64,0;1,05;0,0;0,0;0,0;UCENI_V_PRUBEHU;22,7;10476,09
2026-03-25 19:15:00;0,2;0,01;0,0;0,0;2459,0;-2979,0;61,0;1,05;0,0;0,0;0,0;UCENI_V_PRUBEHU;22,9;10476,1
2026-03-25 19:20:00;0,2;0,0;0,0;0,0;2165,0;-1251,0;60,0;1,05;0,0;0,0;0,0;UCENI_V_PRUBEHU;23,1;10476,1
2026-03-25 19:25:00;0,1;0,0;0,0;0,0;2176,0;-2249,0;58,0;1,05;0,0;0,0;0,0;UCENI_V_PRUBEHU;23,2;10476,1
2026-03-25 19:30:00;0,2;0,0;0,0;0,0;2381,0;-2502,0;57,0;1,05;0,0;0,0;0,0;UCENI_V_PRUBEHU;23,4;10476,1
2026-03-25 19:35:00;0,1;0,01;0,0;0,0;2278,0;-2362,0;55,0;1,05;0,0;0,0;0,0;UCENI_V_PRUBEHU;23,5;10476,11
2026-03-25 19:40:00;0,2;0,0;0,0;0,0;2348,0;-2454,0;54,0;1,05;0,0;0,0;0,0;UCENI_V_PRUBEHU;23,7;10476,11
2026-03-25 19:45:00;0,2;0,0;0,0;0,0;376,0;-353,0;52,0;1,05;0,0;0,0;0,0;UCENI_V_PRUBEHU;23,9;10476,11
2026-03-25 19:50:00;0,1;0,0;0,0;0,0;2064,0;-2174,0;51,0;1,05;0,0;0,0;0,0;UCENI_V_PRUBEHU;24,0;10476,11
2026-03-25 19:55:00;0,2;0,0;0,0;0,0;2151,0;-2290,0;49,0;1,05;0,0;0,0;0,0;UCENI_V_PRUBEHU;24,2;10476,11
2026-03-25 20:00:00;0,2;0,01;0,0;0,0;2097,0;-2173,0;48,0;0,82;0,0;0,0;0,0;UCENI_V_PRUBEHU;24,4;10476,12
2026-03-25 20:05:00;0,1;0,0;0,0;0,0;249,0;-236,0;47,0;0,82;0,0;0,0;0,0;UCENI_V_PRUBEHU;24,5;10476,12
2026-03-25 20:10:00;0,0;0,0;0,0;0,0;265,0;-260,0;47,0;0,82;0,0;0,0;0,0;UCENI_V_PRUBEHU;24,5;10476,12
2026-03-25 20:15:00;0,1;0,0;0,0;0,0;367,0;-355,0;46,0;0,82;0,0;0,0;0,0;UCENI_V_PRUBEHU;24,6;10476,12
2026-03-25 20:20:00;0,0;0,0;0,0;0,0;328,0;-307,0;46,0;0,82;0,0;0,0;0,0;UCENI_V_PRUBEHU;24,6;10476,12
2026-03-25 20:25:00;0,0;0,0;0,0;0,0;316,0;-307,0;46,0;0,82;0,0;0,0;0,0;UCENI_V_PRUBEHU;24,6;10476,12
2026-03-25 20:30:00;0,0;0,0;0,0;0,0;199,0;-189,0;46,0;0,82;0,0;0,0;0,0;UCENI_V_PRUBEHU;24,6;10476,12
2026-03-25 20:35:00;0,1;0,0;0,0;0,0;210,0;-189,0;46,0;0,82;0,0;0,0;0,0;UCENI_V_PRUBEHU;24,7;10476,12
2026-03-25 20:40:00;0,0;0,0;0,0;0,0;206,0;-189,0;46,0;0,82;0,0;0,0;0,0;UCENI_V_PRUBEHU;24,7;10476,12
2026-03-25 20:45:00;0,0;0,0;0,0;0,0;214,0;-213,0;45,0;0,82;0,0;0,0;0,0;UCENI_V_PRUBEHU;24,7;10476,12
2026-03-25 20:50:00;0,0;0,0;0,0;0,0;207,0;-189,0;45,0;0,82;0,0;0,0;0,0;UCENI_V_PRUBEHU;24,7;10476,12
2026-03-25 20:55:00;0,0;0,0;0,0;0,0;297,0;-308,0;45,0;0,82;0,0;0,0;0,0;UCENI_V_PRUBEHU;24,7;10476,12
2026-03-25 21:00:00;0,1;0,01;0,0;0,0;242,0;-213,0;45,0;0,91;0,0;0,0;0,0;UCENI_V_PRUBEHU;24,8;10476,13
2026-03-25 21:05:00;0,0;0,0;0,0;0,0;339,0;-331,0;45,0;0,91;0,0;0,0;0,0;UCENI_V_PRUBEHU;24,8;10476,13
2026-03-25 21:10:00;0,0;0,0;0,0;0,0;430,0;-449,0;44,0;0,91;0,0;0,0;0,0;UCENI_V_PRUBEHU;24,8;10476,13
2026-03-25 21:15:00;0,1;0,0;0,0;0,0;683,0;-684,0;44,0;0,91;0,0;0,0;0,0;UCENI_V_PRUBEHU;24,9;10476,13
2026-03-25 21:20:00;0,0;0,0;0,0;0,0;467,0;-472,0;44,0;0,91;0,0;0,0;0,0;UCENI_V_PRUBEHU;24,9;10476,13
2026-03-25 21:25:00;0,0;0,0;0,0;0,0;446,0;-449,0;43,0;0,91;0,0;0,0;0,0;UCENI_V_PRUBEHU;24,9;10476,13
2026-03-25 21:30:00;0,1;0,0;0,0;0,0;393,0;-378,0;43,0;0,91;0,0;0,0;0,0;UCENI_V_PRUBEHU;25,0;10476,13
2026-03-25 21:35:00;0,0;0,0;0,0;0,0;386,0;-354,0;43,0;0,91;0,0;0,0;0,0;UCENI_V_PRUBEHU;25,0;10476,13
2026-03-25 21:40:00;0,0;0,0;0,0;0,0;511,0;-472,0;43,0;0,91;0,0;0,0;0,0;UCENI_V_PRUBEHU;25,0;10476,13
2026-03-25 21:45:00;0,1;0,0;0,0;0,0;460,0;-449,0;42,0;0,91;0,0;0,0;0,0;UCENI_V_PRUBEHU;25,1;10476,13
2026-03-25 21:50:00;0,1;0,01;0,0;0,0;3381,0;-4436,0;41,0;0,91;0,0;0,0;0,0;UCENI_V_PRUBEHU;25,2;10476,14
2026-03-25 21:55:00;0,2;0,0;0,0;0,0;2314,0;-2414,0;39,0;0,91;0,0;0,0;0,0;UCENI_V_PRUBEHU;25,4;10476,14
2026-03-25 22:00:00;0,1;0,01;0,0;0,0;2321,0;-2417,0;38,0;1,1;0,0;0,0;0,0;UCENI_V_PRUBEHU;25,5;10476,15
2026-03-25 22:05:00;0,1;0,0;0,0;0,0;2085,0;-2207,0;37,0;1,1;0,0;0,0;0,0;UCENI_V_PRUBEHU;25,6;10476,15
2026-03-25 22:10:00;0,2;0,0;0,0;0,0;2045,0;-2182,0;36,0;1,1;0,0;0,0;0,0;UCENI_V_PRUBEHU;25,8;10476,15
2026-03-25 22:15:00;0,1;0,01;0,0;0,0;424,0;-1515,0;35,0;1,1;0,0;0,0;0,0;UCENI_V_PRUBEHU;25,9;10476,16
2026-03-25 22:20:00;0,1;0,0;0,0;0,0;285,0;-281,0;33,0;1,1;0,0;0,0;0,0;UCENI_V_PRUBEHU;26,0;10476,16
2026-03-25 22:25:00;0,2;0,0;0,0;0,0;2066,0;-2179,0;32,0;1,1;0,0;0,0;0,0;UCENI_V_PRUBEHU;26,2;10476,16
2026-03-25 22:30:00;0,1;0,0;0,0;0,0;2061,0;-2154,0;31,0;1,1;0,0;0,0;0,0;UCENI_V_PRUBEHU;26,3;10476,16
2026-03-25 22:35:00;0,0;0,09;0,0;0,0;0,0;0,0;30,0;1,1;0,0;0,0;0,0;UCENI_V_PRUBEHU;26,3;10476,25
2026-03-25 22:40:00;0,0;0,1;0,0;0,0;0,0;0,0;30,0;1,1;0,0;0,0;0,0;UCENI_V_PRUBEHU;26,3;10476,35
2026-03-25 22:45:00;0,0;0,03;0,0;0,0;0,0;0,0;30,0;1,1;0,0;0,0;0,0;UCENI_V_PRUBEHU;26,3;10476,38
2026-03-25 22:50:00;0,0;0,02;0,0;0,0;0,0;0,0;30,0;1,1;0,0;0,0;0,0;UCENI_V_PRUBEHU;26,3;10476,4
2026-03-25 22:55:00;0,0;0,03;0,0;0,0;0,0;0,0;30,0;1,1;0,0;0,0;0,0;UCENI_V_PRUBEHU;26,3;10476,43
2026-03-25 23:00:00;0,0;0,03;0,0;0,0;0,0;0,0;30,0;1,65;0,0;0,0;0,0;UCENI_V_PRUBEHU;26,3;10476,46
2026-03-25 23:05:00;0,0;0,04;0,0;0,0;0,0;0,0;30,0;1,65;0,0;0,0;0,0;UCENI_V_PRUBEHU;26,3;10476,5
2026-03-25 23:10:00;0,0;0,03;0,0;0,0;0,0;0,0;30,0;1,65;0,0;0,0;0,0;UCENI_V_PRUBEHU;26,3;10476,53
2026-03-25 23:15:00;0,0;0,02;0,0;0,0;0,0;0,0;30,0;1,65;0,0;0,0;0,0;UCENI_V_PRUBEHU;26,3;10476,55
2026-03-25 23:20:00;0,0;0,03;0,0;0,0;0,0;0,0;30,0;1,65;0,0;0,0;0,0;UCENI_V_PRUBEHU;26,3;10476,58
2026-03-25 23:25:00;0,0;0,03;0,0;0,0;0,0;0,0;30,0;1,65;0,0;0,0;0,0;UCENI_V_PRUBEHU;26,3;10476,61
2026-03-25 23:30:00;0,0;0,03;0,0;0,0;0,0;0,0;30,0;1,65;0,0;0,0;0,0;UCENI_V_PRUBEHU;26,3;10476,64
2026-03-25 23:35:00;0,0;0,03;0,0;0,0;0,0;0,0;30,0;1,65;0,0;0,0;0,0;UCENI_V_PRUBEHU;26,3;10476,67
2026-03-25 23:40:00;0,0;0,03;0,0;0,0;0,0;0,0;30,0;1,65;0,0;0,0;0,0;UCENI_V_PRUBEHU;26,3;10476,7
2026-03-25 23:45:00;0,0;0,02;0,0;0,0;0,0;0,0;30,0;1,65;0,0;0,0;0,0;UCENI_V_PRUBEHU;26,3;10476,72
2026-03-25 23:50:00;0,0;0,01;0,0;0,0;0,0;0,0;30,0;1,65;0,0;0,0;0,0;UCENI_V_PRUBEHU;26,3;10476,73
2026-03-25 23:55:00;0,0;0,01;0,0;0,0;0,0;0,0;30,0;1,65;0,0;0,0;0,0;UCENI_V_PRUBEHU;26,3;10476,74
2026-03-26 00:00:00;26,3;0,01;0,0;0,0;0,0;0,0;30,0;1,6;0,0;0,0;0,0;UCENI_V_PRUBEHU;26,3;10476,75
2026-03-26 00:05:00;0,0;0,01;0,0;0,0;0,0;0,0;30,0;1,6;0,0;0,0;0,0;UCENI_V_PRUBEHU;0,0;10476,76
2026-03-26 00:10:00;0,0;0,01;0,0;0,0;0,0;0,0;30,0;1,6;0,0;0,0;0,0;UCENI_V_PRUBEHU;0,0;10476,77
2026-03-26 00:15:00;0,0;0,01;0,0;0,0;0,0;0,0;29,0;1,6;0,0;0,0;0,0;UCENI_V_PRUBEHU;0,0;10476,78
2026-03-26 00:20:00;0,0;0,01;0,0;0,0;0,0;0,0;29,0;1,6;0,0;0,0;0,0;UCENI_V_PRUBEHU;0,0;10476,79
2026-03-26 00:25:00;0,0;0,02;0,0;0,0;0,0;0,0;29,0;1,6;0,0;0,0;0,0;UCENI_V_PRUBEHU;0,0;10476,81
2026-03-26 00:30:00;0,0;0,01;0,0;0,0;0,0;0,0;29,0;1,6;0,0;0,0;0,0;UCENI_V_PRUBEHU;0,0;10476,82
2026-03-26 00:35:00;0,0;0,01;0,0;0,0;0,0;0,0;29,0;1,6;0,0;0,0;0,0;UCENI_V_PRUBEHU;0,0;10476,83
2026-03-26 00:40:00;0,0;0,01;0,0;0,0;0,0;0,0;29,0;1,6;0,0;0,0;0,0;UCENI_V_PRUBEHU;0,0;10476,84
2026-03-26 00:45:00;0,0;0,01;0,0;0,0;0,0;0,0;29,0;1,6;0,0;0,0;0,0;UCENI_V_PRUBEHU;0,0;10476,85
2026-03-26 00:50:00;0,0;0,04;0,0;0,0;0,0;0,0;29,0;1,6;0,0;0,0;0,0;UCENI_V_PRUBEHU;0,0;10476,89
2026-03-26 00:55:00;0,0;0,02;0,0;0,0;0,0;0,0;29,0;1,6;0,0;0,0;0,0;UCENI_V_PRUBEHU;0,0;10476,91
2026-03-26 01:00:00;0,0;0,02;0,0;0,0;0,0;0,0;29,0;2,61;0,0;0,0;0,0;UCENI_V_PRUBEHU;0,0;10476,93
2026-03-26 01:05:00;0,0;0,03;0,0;0,0;0,0;0,0;29,0;2,61;0,0;0,0;0,0;UCENI_V_PRUBEHU;0,0;10476,96
2026-03-26 01:10:00;0,0;0,03;0,0;0,0;0,0;0,0;29,0;2,61;0,0;0,0;0,0;UCENI_V_PRUBEHU;0,0;10476,99
2026-03-26 01:15:00;0,0;0,03;0,0;0,0;0,0;0,0;29,0;2,61;0,0;0,0;0,0;UCENI_V_PRUBEHU;0,0;10477,02
2026-03-26 01:20:00;0,0;0,03;0,0;0,0;0,0;0,0;29,0;2,61;0,0;0,0;0,0;UCENI_V_PRUBEHU;0,0;10477,05
2026-03-26 01:25:00;0,0;0,02;0,0;0,0;0,0;0,0;29,0;2,61;0,0;0,0;0,0;UCENI_V_PRUBEHU;0,0;10477,07
2026-03-26 01:30:00;0,0;0,02;0,0;0,0;0,0;0,0;29,0;2,61;0,0;0,0;0,0;UCENI_V_PRUBEHU;0,0;10477,09
2026-03-26 01:35:00;0,0;0,04;0,0;0,0;0,0;0,0;29,0;2,61;0,0;0,0;0,0;UCENI_V_PRUBEHU;0,0;10477,13
2026-03-26 01:40:00;0,0;0,03;0,0;0,0;0,0;0,0;29,0;2,61;0,0;0,0;0,0;UCENI_V_PRUBEHU;0,0;10477,16
2026-03-26 01:45:00;0,0;0,01;0,0;0,0;0,0;0,0;29,0;2,61;0,0;0,0;0,0;UCENI_V_PRUBEHU;0,0;10477,17
2026-03-26 01:50:00;0,0;0,01;0,0;0,0;0,0;0,0;29,0;2,61;0,0;0,0;0,0;UCENI_V_PRUBEHU;0,0;10477,18
2026-03-26 01:55:00;0,0;0,02;0,0;0,0;0,0;0,0;29,0;2,61;0,0;0,0;0,0;UCENI_V_PRUBEHU;0,0;10477,2
2026-03-26 02:00:00;0,0;0,02;0,0;0,0;0,0;0,0;29,0;2,85;0,0;0,0;0,0;UCENI_V_PRUBEHU;0,0;10477,22
2026-03-26 02:05:00;0,0;0,01;0,0;0,0;0,0;0,0;29,0;2,85;0,0;0,0;0,0;UCENI_V_PRUBEHU;0,0;10477,23
2026-03-26 02:10:00;0,0;0,01;0,0;0,0;0,0;0,0;29,0;2,85;0,0;0,0;0,0;UCENI_V_PRUBEHU;0,0;10477,24
2026-03-26 02:15:00;0,0;0,0;0,0;0,0;0,0;0,0;29,0;2,85;0,0;0,0;0,0;UCENI_V_PRUBEHU;0,0;10477,24
2026-03-26 02:20:00;0,0;0,02;0,0;0,0;0,0;0,0;29,0;2,85;0,0;0,0;0,0;UCENI_V_PRUBEHU;0,0;10477,26
2026-03-26 02:25:00;0,0;0,02;0,0;0,0;0,0;0,0;29,0;2,85;0,0;0,0;0,0;UCENI_V_PRUBEHU;0,0;10477,28
2026-03-26 02:30:00;0,0;0,01;0,0;0,0;0,0;0,0;29,0;2,85;0,0;0,0;0,0;UCENI_V_PRUBEHU;0,0;10477,29
2026-03-26 02:35:00;0,0;0,02;0,0;0,0;0,0;0,0;29,0;2,85;0,0;0,0;0,0;UCENI_V_PRUBEHU;0,0;10477,31
2026-03-26 02:40:00;0,0;0,02;0,0;0,0;0,0;0,0;29,0;2,85;0,0;0,0;0,0;UCENI_V_PRUBEHU;0,0;10477,33
2026-03-26 02:45:00;0,0;0,01;0,0;0,0;0,0;0,0;29,0;2,85;0,0;0,0;0,0;UCENI_V_PRUBEHU;0,0;10477,34
2026-03-26 02:50:00;0,0;0,02;0,0;0,0;0,0;0,0;29,0;2,85;0,0;0,0;0,0;UCENI_V_PRUBEHU;0,0;10477,36
2026-03-26 02:55:00;0,0;0,01;0,0;0,0;0,0;0,0;29,0;2,85;0,0;0,0;0,0;UCENI_V_PRUBEHU;0,0;10477,37
2026-03-26 03:00:00;0,0;0,01;0,0;0,0;0,0;0,0;29,0;2,41;0,0;0,0;0,0;UCENI_V_PRUBEHU;0,0;10477,38
2026-03-26 03:05:00;0,0;0,01;0,0;0,0;0,0;0,0;28,0;2,41;0,0;0,0;0,0;UCENI_V_PRUBEHU;0,0;10477,39
2026-03-26 03:10:00;0,0;0,01;0,0;0,0;0,0;0,0;28,0;2,41;0,0;0,0;0,0;UCENI_V_PRUBEHU;0,0;10477,4
2026-03-26 03:15:00;0,0;0,01;0,0;0,0;0,0;0,0;28,0;2,41;0,0;0,0;0,0;UCENI_V_PRUBEHU;0,0;10477,41
2026-03-26 03:20:00;0,0;0,01;0,0;0,0;0,0;0,0;28,0;2,41;0,0;0,0;0,0;UCENI_V_PRUBEHU;0,0;10477,42
2026-03-26 03:25:00;0,0;0,01;0,0;0,0;0,0;0,0;28,0;2,41;0,0;0,0;0,0;UCENI_V_PRUBEHU;0,0;10477,43
2026-03-26 03:30:00;0,0;0,01;0,0;0,0;0,0;0,0;28,0;2,41;0,0;0,0;0,0;UCENI_V_PRUBEHU;0,0;10477,44
2026-03-26 03:35:00;0,0;0,02;0,0;0,0;0,0;0,0;28,0;2,41;0,0;0,0;0,0;UCENI_V_PRUBEHU;0,0;10477,46
2026-03-26 03:40:00;0,0;0,01;0,0;0,0;0,0;0,0;28,0;2,41;0,0;0,0;0,0;UCENI_V_PRUBEHU;0,0;10477,47
2026-03-26 03:45:00;0,0;0,0;0,0;0,0;0,0;0,0;28,0;2,41;0,0;0,0;0,0;UCENI_V_PRUBEHU;0,0;10477,47
2026-03-26 03:50:00;0,0;0,01;0,0;0,0;0,0;0,0;28,0;2,41;0,0;0,0;0,0;UCENI_V_PRUBEHU;0,0;10477,48
2026-03-26 03:55:00;0,0;0,01;0,0;0,0;0,0;0,0;28,0;2,41;0,0;0,0;0,0;UCENI_V_PRUBEHU;0,0;10477,49
2026-03-26 04:00:00;0,0;0,0;0,0;0,0;0,0;0,0;28,0;3,05;0,0;0,0;0,0;UCENI_V_PRUBEHU;0,0;10477,49
2026-03-26 04:05:00;0,0;0,02;0,0;0,0;0,0;0,0;28,0;3,05;0,0;0,0;0,0;UCENI_V_PRUBEHU;0,0;10477,51
2026-03-26 04:10:00;0,0;0,02;0,0;0,0;0,0;0,0;28,0;3,05;0,0;0,0;0,0;UCENI_V_PRUBEHU;0,0;10477,53
2026-03-26 04:15:00;0,0;0,02;0,0;0,0;0,0;0,0;28,0;3,05;0,0;0,0;0,0;UCENI_V_PRUBEHU;0,0;10477,55
2026-03-26 04:20:00;0,0;0,03;0,0;0,0;0,0;0,0;28,0;3,05;0,0;0,0;0,0;UCENI_V_PRUBEHU;0,0;10477,58
2026-03-26 04:25:00;0,0;0,03;0,0;0,0;0,0;0,0;28,0;3,05;0,0;0,0;0,0;UCENI_V_PRUBEHU;0,0;10477,61
2026-03-26 04:30:00;0,0;0,02;0,0;0,0;0,0;0,0;28,0;3,05;0,0;0,0;0,0;UCENI_V_PRUBEHU;0,0;10477,63
2026-03-26 04:35:00;0,0;0,02;0,0;0,0;0,0;0,0;28,0;3,05;0,0;0,0;0,0;UCENI_V_PRUBEHU;0,0;10477,65
2026-03-26 04:40:00;0,0;0,01;0,0;0,0;0,0;0,0;28,0;3,05;0,0;0,0;0,0;UCENI_V_PRUBEHU;0,0;10477,66
2026-03-26 04:45:00;0,0;0,02;0,0;0,0;0,0;0,0;28,0;3,05;0,0;0,0;0,0;UCENI_V_PRUBEHU;0,0;10477,68
2026-03-26 04:50:00;0,0;0,01;0,0;0,0;0,0;0,0;28,0;3,05;0,0;0,0;0,0;UCENI_V_PRUBEHU;0,0;10477,69
2026-03-26 04:55:00;0,0;0,02;0,0;0,0;0,0;0,0;28,0;3,05;0,0;0,0;0,0;UCENI_V_PRUBEHU;0,0;10477,71
2026-03-26 05:00:00;0,0;0,01;0,0;0,0;0,0;0,0;28,0;2,74;0,0;0,0;0,0;UCENI_V_PRUBEHU;0,0;10477,72
2026-03-26 05:05:00;0,0;0,01;0,0;0,0;0,0;0,0;28,0;2,74;0,0;0,0;0,0;UCENI_V_PRUBEHU;0,0;10477,73
2026-03-26 05:10:00;0,0;0,02;0,0;0,0;0,0;0,0;28,0;2,74;0,0;0,0;0,0;UCENI_V_PRUBEHU;0,0;10477,75
2026-03-26 05:15:00;0,0;0,02;0,0;0,0;0,0;0,0;28,0;2,74;0,0;0,0;0,0;UCENI_V_PRUBEHU;0,0;10477,77
2026-03-26 05:20:00;0,0;0,01;0,0;0,0;0,0;0,0;28,0;2,74;0,0;0,0;0,0;UCENI_V_PRUBEHU;0,0;10477,78
2026-03-26 05:25:00;0,0;0,01;26,0;0,0022;45,0;0,0;28,0;2,74;0,0;0,0;0,0;UCENI_V_PRUBEHU;0,0;10477,79
2026-03-26 05:30:00;0,0;0,01;0,0;0,0;44,0;0,0;28,0;2,74;0,0;0,0;0,0;UCENI_V_PRUBEHU;0,0;10477,8
2026-03-26 05:35:00;0,0;0,0;0,0;0,0;41,0;0,0;28,0;2,74;0,0;0,0;0,0;UCENI_V_PRUBEHU;0,0;10477,8
2026-03-26 05:40:00;0,0;0,01;27,0;0,0022;44,0;0,0;28,0;2,74;0,0;0,0;0,0;UCENI_V_PRUBEHU;0,0;10477,81
2026-03-26 05:45:00;0,0;0,02;28,0;0,0023;43,0;0,0;28,0;2,74;0,0;0,0;0,0;UCENI_V_PRUBEHU;0,0;10477,83
2026-03-26 05:50:00;0,0;0,01;0,0;0,0;44,0;0,0;28,0;2,74;0,0;0,0;0,0;UCENI_V_PRUBEHU;0,0;10477,84
2026-03-26 05:55:00;0,0;0,02;27,0;0,0022;43,0;0,0;28,0;2,74;0,0;0,0;0,0;UCENI_V_PRUBEHU;0,0;10477,86
2026-03-26 06:00:00;0,1;0,04;39,0;0,0032;48,0;0,0;28,0;2,2;0,09;0,22;0,15;UCENI_V_PRUBEHU;0,1;10477,9
2026-03-26 06:05:00;0,0;0,02;35,0;0,0029;57,0;0,0;27,0;2,2;0,09;0,22;0,15;UCENI_V_PRUBEHU;0,1;10477,92
2026-03-26 06:10:00;0,0;0,02;79,0;0,0066;54,0;0,0;27,0;2,2;0,09;0,22;0,15;UCENI_V_PRUBEHU;0,1;10477,94
2026-03-26 06:15:00;0,0;0,0;87,0;0,0072;65,0;0,0;27,0;2,2;0,09;0,22;0,15;UCENI_V_PRUBEHU;0,1;10477,94
2026-03-26 06:20:00;0,0;0,01;108,0;0,009;80,0;0,0;27,0;2,2;0,09;0,22;0,15;UCENI_V_PRUBEHU;0,1;10477,95
2026-03-26 06:25:00;0,0;0,02;112,0;0,0093;88,0;0,0;27,0;2,2;0,09;0,22;0,15;UCENI_V_PRUBEHU;0,1;10477,97
2026-03-26 06:30:00;0,0;0,01;125,0;0,0104;91,0;0,0;27,0;2,2;0,09;0,22;0,15;UCENI_V_PRUBEHU;0,1;10477,98
2026-03-26 06:35:00;0,0;0,01;143,0;0,0119;110,0;0,0;27,0;2,2;0,09;0,22;0,15;UCENI_V_PRUBEHU;0,1;10477,99
2026-03-26 06:40:00;0,0;0,01;148,0;0,0123;123,0;0,0;27,0;2,2;0,09;0,22;0,15;UCENI_V_PRUBEHU;0,1;10478,0
2026-03-26 06:45:00;0,0;0,01;149,0;0,0124;111,0;0,0;27,0;2,2;0,09;0,22;0,15;UCENI_V_PRUBEHU;0,1;10478,01
2026-03-26 06:50:00;0,0;0,03;166,0;0,0138;133,0;0,0;27,0;2,2;0,09;0,22;0,15;UCENI_V_PRUBEHU;0,1;10478,04
2026-03-26 06:55:00;0,0;0,0;175,0;0,0146;150,0;0,0;27,0;2,2;0,09;0,22;0,15;UCENI_V_PRUBEHU;0,1;10478,04
2026-03-26 07:00:00;0,0;0,01;196,0;0,0163;163,0;0,0;27,0;1,75;0,73;0,62;0,67;UCENI_V_PRUBEHU;0,1;10478,05
2026-03-26 07:05:00;0,1;0,01;223,0;0,0186;175,0;0,0;27,0;1,75;0,73;0,62;0,67;UCENI_V_PRUBEHU;0,2;10478,06
2026-03-26 07:10:00;0,0;0,0;223,0;0,0186;185,0;0,0;27,0;1,75;0,73;0,62;0,67;UCENI_V_PRUBEHU;0,2;10478,06
2026-03-26 07:15:00;0,0;0,01;225,0;0,0187;180,0;0,0;27,0;1,75;0,73;0,62;0,67;UCENI_V_PRUBEHU;0,2;10478,07
2026-03-26 07:20:00;0,0;0,03;218,0;0,0182;177,0;0,0;27,0;1,75;0,73;0,62;0,67;UCENI_V_PRUBEHU;0,2;10478,1
2026-03-26 07:25:00;0,0;0,1;214,0;0,0178;183,0;0,0;27,0;1,75;0,73;0,62;0,67;UCENI_V_PRUBEHU;0,2;10478,2
2026-03-26 07:30:00;0,0;0,12;241,0;0,0201;193,0;0,0;27,0;1,75;0,73;0,62;0,67;UCENI_V_PRUBEHU;0,2;10478,32
2026-03-26 07:35:00;0,1;0,1;268,0;0,0223;225,0;0,0;27,0;1,75;0,73;0,62;0,67;UCENI_V_PRUBEHU;0,3;10478,42
2026-03-26 07:40:00;0,0;0,01;340,0;0,0283;282,0;0,0;27,0;1,75;0,73;0,62;0,67;UCENI_V_PRUBEHU;0,3;10478,43
2026-03-26 07:45:00;0,0;0,01;284,0;0,0237;227,0;0,0;27,0;1,75;0,73;0,62;0,67;UCENI_V_PRUBEHU;0,3;10478,44
2026-03-26 07:50:00;0,0;0,01;287,0;0,0239;233,0;0,0;27,0;1,75;0,73;0,62;0,67;UCENI_V_PRUBEHU;0,3;10478,45
2026-03-26 07:55:00;0,0;0,18;299,0;0,0249;246,0;0,0;27,0;1,75;0,73;0,62;0,67;UCENI_V_PRUBEHU;0,3;10478,63
2026-03-26 08:00:00;0,1;0,14;335,0;0,0279;264,0;0,0;27,0;2,47;1,3;1,04;1,17;UCENI_V_PRUBEHU;0,4;10478,77
2026-03-26 08:05:00;0,0;0,15;378,0;0,0315;316,0;0,0;27,0;2,47;1,3;1,04;1,17;UCENI_V_PRUBEHU;0,4;10478,92
2026-03-26 08:10:00;0,0;0,14;382,0;0,0318;324,0;0,0;27,0;2,47;1,3;1,04;1,17;UCENI_V_PRUBEHU;0,4;10479,06
2026-03-26 08:15:00;0,0;0,14;428,0;0,0357;348,0;0,0;27,0;2,47;1,3;1,04;1,17;UCENI_V_PRUBEHU;0,4;10479,2
2026-03-26 08:20:00;0,1;0,22;438,0;0,0365;370,0;0,0;27,0;2,47;1,3;1,04;1,17;UCENI_V_PRUBEHU;0,5;10479,42
2026-03-26 08:25:00;0,0;0,38;452,0;0,0377;396,0;0,0;27,0;2,47;1,3;1,04;1,17;UCENI_V_PRUBEHU;0,5;10479,8
2026-03-26 08:30:00;0,0;0,13;468,0;0,039;407,0;0,0;27,0;2,47;1,3;1,04;1,17;UCENI_V_PRUBEHU;0,5;10479,93
2026-03-26 08:35:00;0,1;0,14;649,0;0,0541;553,0;0,0;27,0;2,47;1,3;1,04;1,17;UCENI_V_PRUBEHU;0,6;10480,07
2026-03-26 08:40:00;0,0;0,15;627,0;0,0522;547,0;0,0;26,0;2,47;1,3;1,04;1,17;UCENI_V_PRUBEHU;0,6;10480,22
2026-03-26 08:45:00;0,0;0,06;641,0;0,0534;331,0;166,0;27,0;2,47;1,3;1,04;1,17;UCENI_V_PRUBEHU;0,6;10480,28
2026-03-26 08:50:00;0,1;0,28;679,0;0,0566;594,0;0,0;27,0;2,47;1,3;1,04;1,17;UCENI_V_PRUBEHU;0,7;10480,56
2026-03-26 08:55:00;0,0;0,33;624,0;0,052;548,0;0,0;27,0;2,47;1,3;1,04;1,17;UCENI_V_PRUBEHU;0,7;10480,89
2026-03-26 09:00:00;0,1;0,38;712,0;0,0593;614,0;0,0;27,0;2,01;1,78;1,4;1,59;UCENI_V_PRUBEHU;0,8;10481,27
2026-03-26 09:05:00;0,0;0,33;757,0;0,0631;662,0;0,0;27,0;2,01;1,78;1,4;1,59;UCENI_V_PRUBEHU;0,8;10481,6
2026-03-26 09:10:00;0,1;0,34;793,0;0,0661;705,0;0,0;26,0;2,01;1,78;1,4;1,59;UCENI_V_PRUBEHU;0,9;10481,94
2026-03-26 09:15:00;0,1;0,32;734,0;0,0612;643,0;0,0;26,0;2,01;1,78;1,4;1,59;UCENI_V_PRUBEHU;1,0;10482,26
2026-03-26 09:20:00;0,0;0,34;657,0;0,0548;559,0;0,0;26,0;2,01;1,78;1,4;1,59;UCENI_V_PRUBEHU;1,0;10482,6
2026-03-26 09:25:00;0,1;0,24;572,0;0,0477;382,0;71,0;26,0;2,01;1,78;1,4;1,59;UCENI_V_PRUBEHU;1,1;10482,84
2026-03-26 09:30:00;0,0;0,03;817,0;0,0681;385,0;285,0;27,0;2,01;1,78;1,4;1,59;UCENI_V_PRUBEHU;1,1;10482,87
2026-03-26 09:35:00;0,0;0,04;895,0;0,0746;388,0;333,0;27,0;2,01;1,78;1,4;1,59;UCENI_V_PRUBEHU;1,1;10482,91
2026-03-26 09:40:00;0,1;0,11;865,0;0,0721;778,0;0,0;27,0;2,01;1,78;1,4;1,59;UCENI_V_PRUBEHU;1,2;10483,02
2026-03-26 09:45:00;0,0;0,1;842,0;0,0702;745,0;0,0;27,0;2,01;1,78;1,4;1,59;UCENI_V_PRUBEHU;1,2;10483,12
2026-03-26 09:50:00;0,1;0,08;920,0;0,0767;455,0;285,0;27,0;2,01;1,78;1,4;1,59;UCENI_V_PRUBEHU;1,3;10483,2
2026-03-26 09:55:00;0,1;0,06;1059,0;0,0882;420,0;453,0;27,0;2,01;1,78;1,4;1,59;UCENI_V_PRUBEHU;1,4;10483,26
2026-03-26 10:00:00;0,0;0,06;1074,0;0,0895;565,0;501,0;27,0;1,97;2,11;1,66;1,88;UCENI_V_PRUBEHU;1,4;10483,32
2026-03-26 10:05:00;0,1;0,05;1084,0;0,0903;967,0;0,0;28,0;1,97;2,11;1,66;1,88;UCENI_V_PRUBEHU;1,5;10483,37
2026-03-26 10:10:00;0,0;0,07;1183,0;0,0986;257,0;718,0;28,0;1,97;2,11;1,66;1,88;UCENI_V_PRUBEHU;1,5;10483,44
2026-03-26 10:15:00;0,1;0,19;1235,0;0,1029;1106,0;0,0;28,0;1,97;2,11;1,66;1,88;UCENI_V_PRUBEHU;1,6;10483,63
2026-03-26 10:20:00;0,1;0,16;1551,0;0,1292;1395,0;0,0;28,0;1,97;2,11;1,66;1,88;UCENI_V_PRUBEHU;1,7;10483,79
2026-03-26 10:25:00;0,1;0,07;1813,0;0,1511;1637,0;0,0;28,0;1,97;2,11;1,66;1,88;UCENI_V_PRUBEHU;1,8;10483,86
2026-03-26 10:30:00;0,1;0,08;1466,0;0,1222;1339,0;0,0;28,0;1,97;2,11;1,66;1,88;UCENI_V_PRUBEHU;1,9;10483,94
2026-03-26 10:35:00;0,1;0,13;1076,0;0,0897;478,0;430,0;28,0;1,97;2,11;1,66;1,88;UCENI_V_PRUBEHU;2,0;10484,07
2026-03-26 10:40:00;0,1;0,11;913,0;0,0761;664,0;167,0;28,0;1,97;2,11;1,66;1,88;UCENI_V_PRUBEHU;2,1;10484,18
2026-03-26 10:45:00;0,0;0,12;1230,0;0,1025;1096,0;0,0;28,0;1,97;2,11;1,66;1,88;UCENI_V_PRUBEHU;2,1;10484,3
2026-03-26 10:50:00;0,1;0,13;852,0;0,071;757,0;0,0;28,0;1,97;2,11;1,66;1,88;UCENI_V_PRUBEHU;2,2;10484,43
2026-03-26 10:55:00;0,1;0,15;737,0;0,0614;640,0;0,0;28,0;1,97;2,11;1,66;1,88;UCENI_V_PRUBEHU;2,3;10484,58
2026-03-26 11:00:00;0,0;0,11;859,0;0,0716;368,0;357,0;28,0;1,69;2,3;1,8;2,05;UCENI_V_PRUBEHU;2,3;10484,69
2026-03-26 11:05:00;0,0;0,11;578,0;0,0482;359,0;71,0;28,0;1,69;2,3;1,8;2,05;UCENI_V_PRUBEHU;2,3;10484,8
2026-03-26 11:10:00;0,1;0,1;752,0;0,0627;287,0;238,0;28,0;1,69;2,3;1,8;2,05;UCENI_V_PRUBEHU;2,4;10484,9
2026-03-26 11:15:00;0,0;0,02;998,0;0,0832;356,0;479,0;28,0;1,69;2,3;1,8;2,05;UCENI_V_PRUBEHU;2,4;10484,92
2026-03-26 11:20:00;0,1;0,06;1700,0;0,1417;1548,0;0,0;29,0;1,69;2,3;1,8;2,05;UCENI_V_PRUBEHU;2,5;10484,98
2026-03-26 11:25:00;0,1;0,08;1464,0;0,122;1306,0;0,0;29,0;1,69;2,3;1,8;2,05;UCENI_V_PRUBEHU;2,6;10485,06
2026-03-26 11:30:00;0,1;0,1;1923,0;0,1603;1729,0;0,0;29,0;1,69;2,3;1,8;2,05;UCENI_V_PRUBEHU;2,7;10485,16
2026-03-26 11:35:00;0,2;0,11;1528,0;0,1273;1381,0;0,0;29,0;1,69;2,3;1,8;2,05;UCENI_V_PRUBEHU;2,9;10485,27
2026-03-26 11:40:00;0,1;0,07;2075,0;0,1729;1886,0;0,0;29,0;1,69;2,3;1,8;2,05;UCENI_V_PRUBEHU;3,0;10485,34
2026-03-26 11:45:00;0,2;0,06;2261,0;0,1884;2058,0;0,0;28,0;1,69;2,3;1,8;2,05;UCENI_V_PRUBEHU;3,2;10485,4
2026-03-26 11:50:00;0,2;0,2;2306,0;0,1922;2104,0;0,0;28,0;1,69;2,3;1,8;2,05;UCENI_V_PRUBEHU;3,4;10485,6
2026-03-26 11:55:00;0,1;0,09;2176,0;0,1813;1964,0;0,0;28,0;1,69;2,3;1,8;2,05;UCENI_V_PRUBEHU;3,5;10485,69
2026-03-26 12:00:00;0,2;0,05;1762,0;0,1468;1583,0;0,0;28,0;2,42;2,27;1,84;2,05;UCENI_V_PRUBEHU;3,7;10485,74
2026-03-26 12:05:00;0,1;0,09;1052,0;0,0877;932,0;0,0;28,0;2,42;2,27;1,86;2,07;UCENI_V_PRUBEHU;3,8;10485,83
2026-03-26 12:10:00;0,1;0,13;843,0;0,0702;744,0;0,0;28,0;2,42;2,27;1,86;2,07;UCENI_V_PRUBEHU;3,9;10485,96
2026-03-26 12:15:00;0,0;0,14;400,0;0,0333;322,0;0,0;28,0;2,42;2,27;1,86;2,07;UCENI_V_PRUBEHU;3,9;10486,1
2026-03-26 12:20:00;0,0;0,17;290,0;0,0242;227,0;0,0;28,0;2,42;2,27;1,86;2,07;UCENI_V_PRUBEHU;3,9;10486,27
2026-03-26 12:25:00;0,0;0,2;491,0;0,0409;409,0;0,0;28,0;2,42;2,27;1,86;2,07;UCENI_V_PRUBEHU;3,9;10486,47
2026-03-26 12:30:00;0,1;0,13;1235,0;0,1029;1097,0;0,0;28,0;2,42;2,27;1,86;2,07;UCENI_V_PRUBEHU;4,0;10486,6
2026-03-26 12:35:00;0,1;0,11;1171,0;0,0976;884,0;310,0;28,0;2,42;2,27;1,86;2,07;UCENI_V_PRUBEHU;4,1;10486,71
2026-03-26 12:40:00;0,0;0,03;489,0;0,0407;208,0;143,0;28,0;2,42;2,27;1,86;2,07;UCENI_V_PRUBEHU;4,1;10486,74
2026-03-26 12:45:00;0,1;0,0;1400,0;0,1167;163,0;1035,0;29,0;2,42;2,27;1,86;2,07;UCENI_V_PRUBEHU;4,2;10486,74
2026-03-26 12:50:00;0,0;0,02;2248,0;0,1873;211,0;1798,0;30,0;2,42;2,27;1,86;2,07;UCENI_V_PRUBEHU;4,2;10486,76
2026-03-26 12:55:00;0,0;0,0;1744,0;0,1453;274,0;1258,0;30,0;2,42;2,27;1,86;2,07;UCENI_V_PRUBEHU;4,2;10486,76
2026-03-26 13:00:00;0,1;0,01;1453,0;0,1211;282,0;966,0;31,0;1,86;2,12;0,0;1,06;UCENI_V_PRUBEHU;4,3;10486,77
2026-03-26 13:05:00;0,0;0,0;1450,0;0,1208;338,0;1012,0;32,0;1,86;2,12;0,0;1,06;UCENI_V_PRUBEHU;4,3;10486,77
2026-03-26 13:10:00;0,1;0,0;1202,0;0,1002;644,0;-190,0;32,0;1,86;2,12;0,0;1,06;UCENI_V_PRUBEHU;4,4;10486,77
2026-03-26 13:15:00;0,0;0,0;1044,0;0,087;183,0;674,0;32,0;1,86;2,12;0,0;1,06;UCENI_V_PRUBEHU;4,4;10486,77
2026-03-26 13:20:00;0,1;0,01;1007,0;0,0839;2123,0;-1328,0;32,0;1,86;2,12;0,0;1,06;UCENI_V_PRUBEHU;4,5;10486,78
2026-03-26 13:25:00;0,0;0,0;1092,0;0,091;204,0;697,0;32,0;1,86;2,12;0,0;1,06;UCENI_V_PRUBEHU;4,5;10486,78
2026-03-26 13:30:00;0,1;0,0;1597,0;0,1331;209,0;1135,0;33,0;1,86;2,12;0,0;1,06;UCENI_V_PRUBEHU;4,6;10486,78
2026-03-26 13:35:00;0,1;0,0;1872,0;0,156;273,0;1356,0;33,0;1,86;2,12;0,0;1,06;UCENI_V_PRUBEHU;4,7;10486,78
2026-03-26 13:40:00;0,0;0,01;1952,0;0,1627;273,0;1454,0;34,0;1,86;2,12;0,0;1,06;UCENI_V_PRUBEHU;4,7;10486,79
2026-03-26 13:45:00;0,2;0,0;1732,0;0,1443;4013,0;-2028,0;34,0;1,86;2,12;0,0;1,06;UCENI_V_PRUBEHU;4,9;10486,79
2026-03-26 13:50:00;0,2;0,0;1700,0;0,1417;4490,0;-3002,0;33,0;1,86;2,12;0,0;1,06;UCENI_V_PRUBEHU;5,1;10486,79
2026-03-26 13:55:00;0,2;0,01;1816,0;0,1513;2407,0;-800,0;32,0;1,86;2,12;0,0;1,06;UCENI_V_PRUBEHU;5,3;10486,8
2026-03-26 14:01:00;0,3;0,0;1706,0;0,1706;2417,0;-914,0;31,0;1,79;1,83;0,0;0,92;UCENI_V_PRUBEHU;5,6;10486,8
2026-03-26 14:05:00;0,1;0,0;1675,0;0,1117;314,0;1150,0;32,0;1,79;1,83;0,0;0,92;UCENI_V_PRUBEHU;5,7;10486,8
2026-03-26 14:10:00;0,1;0,01;1685,0;0,1404;290,0;1153,0;32,0;1,79;1,83;0,0;0,92;UCENI_V_PRUBEHU;5,8;10486,81
2026-03-26 14:15:00;0,0;0,0;811,0;0,0676;2259,0;-1649,0;32,0;1,79;1,83;0,0;0,92;UCENI_V_PRUBEHU;5,8;10486,81
2026-03-26 14:20:00;0,1;0,0;1521,0;0,1267;247,0;71,0;32,0;1,79;1,83;0,0;0,92;UCENI_V_PRUBEHU;5,9;10486,81
2026-03-26 14:25:00;0,1;0,01;1410,0;0,1175;264,0;938,0;33,0;1,79;1,83;0,0;0,92;UCENI_V_PRUBEHU;6,0;10486,82
2026-03-26 14:30:00;0,1;0,0;1024,0;0,0853;357,0;502,0;33,0;1,79;1,83;0,0;0,92;UCENI_V_PRUBEHU;6,1;10486,82
2026-03-26 14:35:00;0,0;0,0;848,0;0,0707;346,0;334,0;33,0;0,0;1,83;0,0;0,92;UCENI_V_PRUBEHU;6,1;10486,82
2026-03-26 14:40:00;0,1;0,0;926,0;0,0772;3686,0;-2077,0;33,0;1,79;1,83;0,0;0,92;UCENI_V_PRUBEHU;6,2;10486,82
2026-03-26 14:45:00;0,2;0,01;478,0;0,0398;4010,0;-3829,0;32,0;1,79;1,83;0,0;0,92;UCENI_V_PRUBEHU;6,4;10486,83
2026-03-26 14:50:00;0,2;0,02;576,0;0,048;490,0;0,0;30,0;1,79;1,83;0,0;0,92;UCENI_V_PRUBEHU;6,6;10486,85
2026-03-26 14:55:00;0,0;0,2;749,0;0,0624;661,0;0,0;30,0;1,79;1,83;0,0;0,92;UCENI_V_PRUBEHU;6,6;10487,05
2026-03-26 15:00:00;0,1;0,13;667,0;0,0556;562,0;0,0;30,0;1,37;1,46;0,0;0,73;UCENI_V_PRUBEHU;6,7;10487,18
2026-03-26 15:05:00;0,0;0,04;877,0;0,0731;772,0;166,0;30,0;0,0;1,46;0,0;0,73;UCENI_V_PRUBEHU;6,7;10487,22
2026-03-26 15:10:00;0,0;0,04;1088,0;0,0907;968,0;0,0;30,0;0,0;1,46;0,0;0,73;UCENI_V_PRUBEHU;6,7;10487,26
2026-03-26 15:15:00;0,1;0,04;1225,0;0,1021;227,0;812,0;31,0;0,0;1,46;0,0;0,73;UCENI_V_PRUBEHU;6,8;10487,3
2026-03-26 15:20:00;0,1;0,04;1261,0;0,1051;318,0;716,0;30,0;0,0;1,46;0,0;0,73;UCENI_V_PRUBEHU;6,9;10487,34
2026-03-26 15:25:00;0,1;0,04;1228,0;0,1023;1084,0;0,0;30,0;0,0;1,46;0,0;0,73;UCENI_V_PRUBEHU;7,0;10487,38
2026-03-26 15:30:00;0,1;0,05;1224,0;0,102;1081,0;0,0;30,0;0,0;1,46;0,0;0,73;UCENI_V_PRUBEHU;7,1;10487,43
2026-03-26 15:35:00;0,0;0,06;1012,0;0,0843;886,0;0,0;30,0;0,0;1,46;0,0;0,73;UCENI_V_PRUBEHU;7,1;10487,49
2026-03-26 15:40:00;0,1;0,1;657,0;0,0548;560,0;0,0;30,0;0,0;1,46;0,0;0,73;UCENI_V_PRUBEHU;7,2;10487,59
2026-03-26 15:45:00;0,0;0,09;446,0;0,0372;324,0;0,0;30,0;0,0;1,46;0,0;0,73;UCENI_V_PRUBEHU;7,2;10487,68
2026-03-26 15:50:00;0,0;0,09;602,0;0,0502;313,0;119,0;30,0;0,0;1,46;0,0;0,73;UCENI_V_PRUBEHU;7,2;10487,77
2026-03-26 15:55:00;0,1;0,06;407,0;0,0339;320,0;0,0;30,0;0,0;1,46;0,0;0,73;UCENI_V_PRUBEHU;7,3;10487,83
2026-03-26 16:01:00;0,0;0,06;450,0;0,045;368,0;0,0;30,0;0,0;1,04;0,0;0,52;UCENI_V_PRUBEHU;7,3;10487,89
2026-03-26 16:05:00;0,0;0,1;237,0;0,0158;178,0;0,0;30,0;0,0;1,04;0,0;0,52;UCENI_V_PRUBEHU;7,3;10487,99
2026-03-26 16:10:00;0,0;0,1;247,0;0,0206;184,0;0,0;30,0;0,0;1,04;0,0;0,52;UCENI_V_PRUBEHU;7,3;10488,09
2026-03-26 16:15:00;0,1;0,09;239,0;0,0199;176,0;0,0;30,0;0,0;1,04;0,0;0,52;UCENI_V_PRUBEHU;7,4;10488,18
2026-03-26 16:20:00;0,0;0,11;267,0;0,0222;209,0;0,0;30,0;0,0;1,04;0,0;0,52;UCENI_V_PRUBEHU;7,4;10488,29
2026-03-26 16:25:00;0,0;0,1;229,0;0,0191;172,0;0,0;30,0;0,0;1,04;0,0;0,52;UCENI_V_PRUBEHU;7,4;10488,39
2026-03-26 16:30:00;0,0;0,15;185,0;0,0154;127,0;0,0;30,0;0,0;1,04;0,0;0,52;UCENI_V_PRUBEHU;7,4;10488,54
2026-03-26 16:35:00;0,0;0,14;161,0;0,0134;103,0;0,0;30,0;0,0;1,04;0,0;0,52;UCENI_V_PRUBEHU;7,4;10488,68
2026-03-26 16:40:00;0,0;0,13;145,0;0,0121;88,0;0,0;30,0;0,0;1,04;0,0;0,52;UCENI_V_PRUBEHU;7,4;10488,81
2026-03-26 16:45:00;0,0;0,13;115,0;0,0096;78,0;0,0;30,0;0,0;1,04;0,0;0,52;UCENI_V_PRUBEHU;7,4;10488,94
2026-03-26 16:50:00;0,0;0,07;116,0;0,0097;58,0;0,0;30,0;0,0;1,04;0,0;0,52;UCENI_V_PRUBEHU;7,4;10489,01
2026-03-26 16:55:00;0,0;0,07;131,0;0,0109;77,0;0,0;30,0;0,0;1,04;0,0;0,52;UCENI_V_PRUBEHU;7,4;10489,08
2026-03-26 17:00:00;0,0;0,07;147,0;0,0122;87,0;0,0;30,0;0,0;0,62;0,0;0,31;UCENI_V_PRUBEHU;7,4;10489,15
2026-03-26 17:05:00;0,1;0,1;155,0;0,0129;105,0;0,0;30,0;0,0;0,62;0,0;0,31;UCENI_V_PRUBEHU;7,5;10489,25
2026-03-26 17:10:00;0,0;0,1;118,0;0,0098;60,0;0,0;30,0;0,0;0,62;0,0;0,31;UCENI_V_PRUBEHU;7,5;10489,35
2026-03-26 17:15:00;0,0;0,08;145,0;0,0121;108,0;0,0;30,0;0,0;0,62;0,0;0,31;UCENI_V_PRUBEHU;7,5;10489,43
2026-03-26 17:20:00;0,0;0,09;157,0;0,0131;100,0;0,0;30,0;0,0;0,62;0,0;0,31;UCENI_V_PRUBEHU;7,5;10489,52
2026-03-26 17:25:00;0,0;0,06;138,0;0,0115;95,0;0,0;30,0;0,0;0,62;0,0;0,31;UCENI_V_PRUBEHU;7,5;10489,58
2026-03-26 17:30:00;0,0;0,07;107,0;0,0089;64,0;0,0;30,0;0,0;0,62;0,0;0,31;UCENI_V_PRUBEHU;7,5;10489,65
2026-03-26 17:35:00;0,0;0,08;105,0;0,0087;74,0;0,0;30,0;0,0;0,62;0,0;0,31;UCENI_V_PRUBEHU;7,5;10489,73
2026-03-26 17:40:00;0,0;0,05;119,0;0,0099;65,0;0,0;30,0;0,0;0,62;0,0;0,31;UCENI_V_PRUBEHU;7,5;10489,78
2026-03-26 17:45:00;0,0;0,07;106,0;0,0088;57,0;0,0;30,0;0,0;0,62;0,0;0,31;UCENI_V_PRUBEHU;7,5;10489,85
2026-03-26 17:50:00;0,0;0,06;95,0;0,0079;51,0;0,0;30,0;0,0;0,62;0,0;0,31;UCENI_V_PRUBEHU;7,5;10489,91
2026-03-26 17:55:00;0,0;0,07;41,0;0,0034;42,0;0,0;30,0;0,0;0,62;0,0;0,31;UCENI_V_PRUBEHU;7,5;10489,98
2026-03-26 18:00:00;0,0;0,05;96,0;0,008;43,0;0,0;30,0;0,0;0,01;0,0;0,0;UCENI_V_PRUBEHU;7,5;10490,03
2026-03-26 18:05:00;0,0;0,05;67,0;0,0056;38,0;0,0;30,0;0,0;0,01;0,0;0,0;UCENI_V_PRUBEHU;7,5;10490,08
2026-03-26 18:10:00;0,0;0,04;82,0;0,0068;40,0;0,0;30,0;0,0;0,01;0,0;0,0;UCENI_V_PRUBEHU;7,5;10490,12
2026-03-26 18:15:00;0,0;0,06;78,0;0,0065;37,0;0,0;30,0;0,0;0,01;0,0;0,0;UCENI_V_PRUBEHU;7,5;10490,18
2026-03-26 18:20:00;0,0;0,04;67,0;0,0056;34,0;0,0;30,0;0,0;0,01;0,0;0,0;UCENI_V_PRUBEHU;7,5;10490,22
2026-03-26 18:25:00;0,0;0,13;58,0;0,0048;36,0;0,0;30,0;0,0;0,01;0,0;0,0;UCENI_V_PRUBEHU;7,5;10490,35
2026-03-26 18:30:00;0,0;0,18;45,0;0,0037;45,0;0,0;30,0;0,0;0,01;0,0;0,0;UCENI_V_PRUBEHU;7,5;10490,53
2026-03-26 18:35:00;0,0;0,06;0,0;0,0;39,0;0,0;30,0;0,0;0,01;0,0;0,0;UCENI_V_PRUBEHU;7,5;10490,59
2026-03-26 18:40:00;0,0;0,06;0,0;0,0;0,0;0,0;29,0;0,0;0,01;0,0;0,0;UCENI_V_PRUBEHU;7,5;10490,65
2026-03-26 18:45:00;0,0;0,04;0,0;0,0;0,0;0,0;29,0;0,0;0,01;0,0;0,0;UCENI_V_PRUBEHU;7,5;10490,69
2026-03-26 18:50:00;0,0;0,05;0,0;0,0;0,0;0,0;29,0;0,0;0,01;0,0;0,0;UCENI_V_PRUBEHU;7,5;10490,74
2026-03-26 18:55:00;0,0;0,13;0,0;0,0;0,0;0,0;29,0;0,0;0,01;0,0;0,0;UCENI_V_PRUBEHU;7,5;10490,87
2026-03-26 19:00:00;0,0;0,1;0,0;0,0;0,0;0,0;29,0;0,0;0,0;0,0;0,0;UCENI_V_PRUBEHU;7,5;10490,97
2026-03-26 19:05:00;0,0;0,1;0,0;0,0;0,0;0,0;29,0;1,32;0,0;0,0;0,0;UCENI_V_PRUBEHU;7,5;10491,07
2026-03-26 19:10:00;0,0;0,08;0,0;0,0;0,0;0,0;29,0;0,0;0,0;0,0;0,0;UCENI_V_PRUBEHU;7,5;10491,15
2026-03-26 19:15:00;0,0;0,09;0,0;0,0;0,0;0,0;29,0;0,0;0,0;0,0;0,0;UCENI_V_PRUBEHU;7,5;10491,24
2026-03-26 19:20:00;0,0;0,1;0,0;0,0;0,0;0,0;29,0;1,32;0,0;0,0;0,0;UCENI_V_PRUBEHU;7,5;10491,34
2026-03-26 19:25:00;0,0;0,11;0,0;0,0;0,0;0,0;29,0;1,32;0,0;0,0;0,0;UCENI_V_PRUBEHU;7,5;10491,45
2026-03-26 19:30:00;0,0;0,1;0,0;0,0;0,0;0,0;29,0;1,32;0,0;0,0;0,0;UCENI_V_PRUBEHU;7,5;10491,55
2026-03-26 19:35:00;0,0;0,09;0,0;0,0;0,0;0,0;29,0;1,32;0,0;0,0;0,0;UCENI_V_PRUBEHU;7,5;10491,64
2026-03-26 19:40:00;0,0;0,09;0,0;0,0;0,0;0,0;29,0;1,32;0,0;0,0;0,0;UCENI_V_PRUBEHU;7,5;10491,73
2026-03-26 19:45:00;0,0;0,12;0,0;0,0;0,0;0,0;29,0;1,32;0,0;0,0;0,0;UCENI_V_PRUBEHU;7,5;10491,85
2026-03-26 19:50:00;0,0;0,09;0,0;0,0;0,0;0,0;29,0;1,32;0,0;0,0;0,0;UCENI_V_PRUBEHU;7,5;10491,94
2026-03-26 19:55:00;0,0;0,1;0,0;0,0;0,0;0,0;29,0;1,32;0,0;0,0;0,0;UCENI_V_PRUBEHU;7,5;10492,04
2026-03-26 20:00:00;0,0;0,09;0,0;0,0;0,0;0,0;29,0;1,23;0,0;0,0;0,0;UCENI_V_PRUBEHU;7,5;10492,13
2026-03-26 20:05:00;0,0;0,1;0,0;0,0;0,0;0,0;29,0;1,23;0,0;0,0;0,0;UCENI_V_PRUBEHU;7,5;10492,23
2026-03-26 20:10:00;0,0;0,13;0,0;0,0;0,0;0,0;29,0;1,23;0,0;0,0;0,0;UCENI_V_PRUBEHU;7,5;10492,36
2026-03-26 20:15:00;0,0;0,11;0,0;0,0;0,0;0,0;29,0;1,23;0,0;0,0;0,0;UCENI_V_PRUBEHU;7,5;10492,47
2026-03-26 20:20:00;0,0;0,1;0,0;0,0;0,0;0,0;29,0;1,23;0,0;0,0;0,0;UCENI_V_PRUBEHU;7,5;10492,57
